"","Cities","Population1.x","Total
Offenses.x","Crimes
Against
Persons.x","Crimes
Against
Property.x","Crimes
Against
Society.x","Assault
Offenses.x","Aggravated
Assault.x","Simple
Assault.x","Intimidation.x","Homicide
Offenses.x","Murder and
Nonnegligent
Manslaughter.x","Negligent
Man-
slaughter.x","Justifiable
Homicide.x","Human
Trafficking
Offenses.x","Commercial
Sex Acts.x","Involuntary
Servitude.x","Kidnapping/
Abduction.x","Sex
Offenses.x","Rape.x","Sodomy.x","Sexual
Assault
With an
Object.x","Fondling.x","Incest.x","Statutory
Rape.x","Arson.x","Bribery.x","Burglary/
Breaking &
Entering.x","Counter-
feiting/
Forgery.x","Destruction/
Damage/
Vandalism
of Property.x","Embezzle-
ment.x","Extortion/
Blackmail.x","Fraud
Offenses.x","False
Pretenses/
Swindle/
Confidence
Game.x","Credit
Card/
Automated
Teller
Machine
Fraud.x","Imper-
sonation.x","Welfare
Fraud.x","Wire
Fraud.x","Identity 
Theft.x","Hacking/
Computer 
Invasion.x","Larceny/
Theft
Offenses.x","Pocket-
picking.x","Purse-
snatching.x","Shop-
lifting.x","Theft
From
Building.x","Theft
From
Coin Op-
erated
Machine
or Device.x","Theft
From
Motor
Vehicle.x","Theft of 
Motor 
Vehicle
Parts or
Acces-
sories.x","All
Other
Larceny.x","Motor
Vehicle
Theft.x","Robbery.x","Stolen
Property
Offenses.x","Animal 
Cruelty.x","Drug/
Narcotic
Offenses.x","Drug/
Narcotic
Violations.x","Drug
Equipment
Violations.x","Gambling
Offenses.x","Betting/
Wagering.x","Operating/
Promoting/
Assisting
Gambling.x","Gambling
Equipment
Violations.x","Sports
Tampering.x","Por-
nography/
Obscene
Material.x","Pros-
titution
Offenses.x","Pros-
titution.x","Assisting or
Promoting
Prostitution.x","Purchasing
Prostitution.x","Weapon
Law
Violations.x","Population1.y","Total
Offenses.y","Crimes
Against
Persons.y","Crimes
Against
Property.y","Crimes
Against
Society.y","Assault
Offenses.y","Aggravated
Assault.y","Simple
Assault.y","Intimidation.y","Homicide
Offenses.y","Murder and
Nonnegligent
Manslaughter.y","Negligent
Man-
slaughter.y","Justifiable
Homicide.y","Human
Trafficking
Offenses.y","Commercial
Sex Acts.y","Involuntary
Servitude.y","Kidnapping/
Abduction.y","Sex
Offenses.y","Rape.y","Sodomy.y","Sexual
Assault
With an
Object.y","Fondling.y","Incest.y","Statutory
Rape.y","Arson.y","Bribery.y","Burglary/
Breaking &
Entering.y","Counter-
feiting/
Forgery.y","Destruction/
Damage/
Vandalism
of Property.y","Embezzle-
ment.y","Extortion/
Blackmail.y","Fraud
Offenses.y","False
Pretenses/
Swindle/
Confidence
Game.y","Credit
Card/
Automated
Teller
Machine
Fraud.y","Imper-
sonation.y","Welfare
Fraud.y","Wire
Fraud.y","Identity 
Theft.y","Hacking/
Computer 
Invasion.y","Larceny/
Theft
Offenses.y","Pocket-
picking.y","Purse-
snatching.y","Shop-
lifting.y","Theft
From
Building.y","Theft
From
Coin Op-
erated
Machine
or Device.y","Theft
From
Motor
Vehicle.y","Theft of 
Motor 
Vehicle
Parts or
Acces-
sories.y","All
Other
Larceny.y","Motor
Vehicle
Theft.y","Robbery.y","Stolen
Property
Offenses.y","Animal 
Cruelty.y","Drug/
Narcotic
Offenses.y","Drug/
Narcotic
Violations.y","Drug
Equipment
Violations.y","Gambling
Offenses.y","Betting/
Wagering.y","Operating/
Promoting/
Assisting
Gambling.y","Gambling
Equipment
Violations.y","Sports
Tampering.y","Por-
nography/
Obscene
Material.y","Pros-
titution
Offenses.y","Pros-
titution.y","Assisting or
Promoting
Prostitution.y","Purchasing
Prostitution.y","Weapon
Law
Violations.y","Population1","Total Offences","Crimes Against Persons","Crimes Against Property","Crimes Against Society","Assault
Offenses","Aggravated
Assault","Simple
Assault","Intimidation","Homicide
Offenses","Murder and
Nonnegligent
Manslaughter","Negligent
Man-
slaughter","Justifiable
Homicide","Human
Trafficking
Offenses","Commercial
Sex Acts","Involuntary
Servitude","Kidnapping/
Abduction","Sex
Offenses","Rape","Sodomy","Sexual
Assault
With an
Object","Fondling","Incest","Statutory
Rape","Arson","Bribery","Burglary/
Breaking &
Entering","Counter-
feiting/
Forgery","Destruction/
Damage/
Vandalism
of Property","Embezzle-
ment","Extortion/
Blackmail","Fraud
Offenses","False
Pretenses/
Swindle/
Confidence
Game","Credit
Card/
Automated
Teller
Machine
Fraud","Imper-
sonation","Welfare
Fraud","Wire
Fraud","Identity 
Theft","Hacking/
Computer 
Invasion","Larceny/
Theft
Offenses","Pocket-
picking","Purse-
snatching","Shop-
lifting","Theft
From
Building","Theft
From
Coin Op-
erated
Machine
or Device","Theft
From
Motor
Vehicle","Theft of 
Motor 
Vehicle
Parts or
Acces-
sories","All
Other
Larceny","Motor
Vehicle
Theft","Robbery","Stolen
Property
Offenses","Animal 
Cruelty","Drug/
Narcotic
Offenses","Drug/
Narcotic
Violations","Drug
Equipment
Violations","Gambling
Offenses","Betting/
Wagering","Operating/
Promoting/
Assisting
Gambling","Gambling
Equipment
Violations","Sports
Tampering","Por-
nography/
Obscene
Material","Pros-
titution
Offenses","Pros-
titution","Assisting or
Promoting
Prostitution","Purchasing
Prostitution","Weapon
Law
Violations","region"
"1","Aberdeen",16744,1734,388,1005,341,346,37,267,42,0,0,0,0,0,0,0,4,38,11,0,0,27,0,0,6,1,123,39,125,0,1,131,20,15,13,0,1,82,0,487,0,6,335,23,2,31,11,79,62,8,22,1,274,130,144,0,0,0,0,0,4,16,16,0,0,46,16824,1259,325,813,121,271,27,223,21,1,1,0,0,0,0,0,3,50,17,0,0,33,0,0,6,0,120,23,102,0,1,29,12,6,11,0,0,0,0,411,0,2,280,3,0,44,4,78,97,9,15,1,85,19,66,0,0,0,0,0,1,0,0,0,0,34,17338,1462,381,990,91,335,44,267,24,0,0,0,0,0,0,0,1,45,15,0,0,30,0,0,6,0,139,9,189,1,0,37,22,1,13,1,0,0,0,482,0,2,355,0,2,22,4,97,95,17,15,1,56,31,25,0,0,0,0,0,3,1,1,0,0,30,"Western"
"2","Algona",3228,138,25,113,0,24,3,21,0,0,0,0,0,0,0,0,0,1,1,0,0,0,0,0,0,0,10,0,26,0,0,16,0,0,16,0,0,0,0,47,0,0,0,1,1,15,5,25,14,0,0,0,0,0,0,0,0,0,0,0,0,0,0,0,0,0,3216,138,28,106,4,24,4,20,0,0,0,0,0,0,0,0,0,4,2,0,0,1,1,0,0,0,15,0,30,0,0,4,1,0,3,0,0,0,0,40,0,0,0,0,0,12,5,23,12,0,5,0,3,3,0,0,0,0,0,0,0,0,0,0,0,1,3194,124,34,90,0,34,14,20,0,0,0,0,0,0,0,0,0,0,0,0,0,0,0,0,0,0,15,0,17,0,0,4,1,0,2,0,1,0,0,32,0,1,3,0,0,7,11,10,15,1,6,0,0,0,0,0,0,0,0,0,0,0,0,0,0,0,"Western"
"3","Anacortes",17735,955,92,652,211,81,6,67,8,0,0,0,0,0,0,0,2,9,2,0,0,7,0,0,0,0,41,9,152,1,0,54,19,21,7,0,2,4,1,341,0,3,88,33,1,87,17,112,29,7,18,0,197,92,105,0,0,0,0,0,6,0,0,0,0,8,17923,834,92,676,66,86,16,64,6,0,0,0,0,0,0,0,0,6,0,0,0,6,0,0,3,0,65,11,188,0,0,54,15,21,12,0,1,5,0,320,0,1,66,47,0,108,25,73,28,4,3,1,50,16,34,0,0,0,0,0,6,0,0,0,0,9,17990,1135,104,948,83,96,5,77,14,1,1,0,0,1,0,1,0,6,5,1,0,0,0,0,1,0,84,14,259,0,0,48,12,23,7,0,1,5,0,473,0,1,85,32,0,105,137,113,54,4,11,1,69,46,23,0,0,0,0,0,4,0,0,0,0,9,"Western"
"4","Arlington",20825,1594,241,1010,343,222,37,159,26,3,3,0,0,0,0,0,4,12,8,1,0,1,0,2,4,0,89,30,151,2,1,73,1,5,13,0,0,54,0,566,1,2,284,36,1,86,21,135,63,10,21,2,304,103,201,0,0,0,0,0,7,0,0,0,0,30,21405,1420,224,1134,62,207,29,153,25,0,0,0,0,0,0,0,5,12,6,3,0,3,0,0,3,0,133,24,233,0,0,57,1,5,6,0,0,43,2,577,0,5,208,42,2,80,57,183,72,6,29,1,45,16,29,0,0,0,0,0,0,0,0,0,0,16,20176,1310,291,957,62,266,44,196,26,2,0,2,0,0,0,0,9,14,6,1,0,3,0,4,1,0,112,24,200,0,1,47,2,1,4,0,0,40,0,422,1,4,116,47,0,40,43,171,105,16,29,0,38,26,12,0,0,0,0,0,1,1,0,0,1,22,"Western"
"5","Auburn",82779,7460,1293,5273,894,1171,192,964,15,10,10,0,0,0,0,0,23,89,32,8,0,38,3,8,19,0,569,51,1291,1,6,123,7,13,100,0,3,0,0,2248,1,10,347,20,2,811,237,820,680,122,163,2,744,371,373,0,0,0,0,0,9,12,12,0,0,127,82158,7337,1255,5718,364,1149,176,961,12,8,7,1,0,0,0,0,20,78,47,0,0,28,2,1,16,0,585,26,1460,1,5,97,2,13,81,0,1,0,0,2363,0,26,340,20,1,719,508,749,882,136,147,2,217,131,86,0,0,0,0,0,9,1,1,0,0,135,84279,7176,1298,5607,271,1204,243,957,4,13,13,0,0,0,0,0,24,57,41,1,0,14,1,0,32,0,823,41,792,0,8,48,6,7,34,0,1,0,0,2258,0,13,212,24,0,666,344,999,1276,127,202,4,130,109,21,0,0,0,0,0,9,1,1,0,0,127,"Western"
"6","Bainbridge Island",25561,821,85,722,14,80,11,52,17,0,0,0,0,0,0,0,0,5,4,0,0,1,0,0,0,0,31,8,72,0,2,373,2,0,350,0,0,21,0,218,0,0,16,4,1,13,1,183,14,1,3,3,6,3,3,0,0,0,0,0,1,1,1,0,0,3,25601,438,63,367,8,57,5,41,11,0,0,0,0,0,0,0,0,6,6,0,0,0,0,0,0,0,37,6,68,0,5,57,0,0,29,0,0,26,2,177,0,0,5,4,0,33,5,130,12,3,2,0,3,2,1,0,0,0,0,0,0,0,0,0,0,5,24336,711,106,597,8,94,11,56,27,0,0,0,0,0,0,0,0,12,12,0,0,0,0,0,1,0,55,11,133,0,6,57,0,0,31,0,0,23,3,299,0,0,7,1,0,59,10,222,31,0,4,0,2,2,0,0,0,0,0,0,4,0,0,0,0,2,"Western"
"7","Battle Ground",21669,738,110,579,49,93,12,63,18,0,0,0,0,0,0,0,1,16,7,0,0,9,0,0,1,0,44,7,117,0,2,60,0,0,4,0,0,56,0,316,0,2,137,29,0,55,1,92,25,3,4,1,39,29,10,0,0,0,0,0,0,0,0,0,0,9,22143,737,134,594,9,119,14,80,25,0,0,0,0,0,0,0,3,12,8,1,0,3,0,0,2,0,27,7,157,0,2,27,0,0,4,0,0,23,0,327,1,0,82,23,0,86,22,113,38,3,4,0,1,1,0,0,0,0,0,0,0,1,1,0,0,7,21385,621,128,479,14,112,17,72,23,1,0,1,0,0,0,0,1,14,13,0,0,1,0,0,2,0,26,6,71,0,1,23,0,1,4,0,0,18,0,304,0,0,142,29,0,41,5,87,38,3,5,2,2,2,0,0,0,0,0,0,0,1,1,0,0,9,"Western"
"8","Beaux Arts",327,8,0,8,0,0,0,0,0,0,0,0,0,0,0,0,0,0,0,0,0,0,0,0,0,0,1,0,0,0,0,5,0,0,0,0,0,5,0,1,0,0,0,0,0,1,0,0,1,0,0,0,0,0,0,0,0,0,0,0,0,0,0,0,0,0,324,2,1,1,0,1,0,1,0,0,0,0,0,0,0,0,0,0,0,0,0,0,0,0,0,0,0,0,0,0,0,0,0,0,0,0,0,0,0,1,0,0,0,0,0,0,0,1,0,0,0,0,0,0,0,0,0,0,0,0,0,0,0,0,0,0,304,5,1,4,0,0,0,0,0,0,0,0,0,0,0,0,0,1,1,0,0,0,0,0,0,0,0,0,0,0,0,2,0,1,0,0,0,1,0,2,0,0,0,0,0,0,0,2,0,0,0,0,0,0,0,0,0,0,0,0,0,0,0,0,0,0,"Western"
"9","Bellevue",150548,8613,864,7174,575,826,90,550,186,6,4,1,1,0,0,0,8,24,16,3,0,4,0,1,13,0,546,74,571,10,15,1744,41,41,20,0,0,1642,0,3709,7,3,824,223,1,1139,148,1364,301,68,123,2,407,111,296,0,0,0,0,0,14,29,11,18,0,123,150208,7639,788,6574,277,749,91,510,148,2,2,0,0,0,0,0,13,24,7,3,0,14,0,0,9,0,582,90,584,1,26,417,26,39,25,0,0,321,6,4221,24,2,835,279,1,1438,604,1038,446,88,110,2,177,64,113,0,0,0,0,0,11,29,4,25,0,58,147079,8147,949,7055,143,908,109,633,166,2,2,0,0,0,0,0,8,31,14,3,0,12,0,2,12,0,729,84,661,10,29,410,26,31,21,0,1,328,3,4375,14,5,1203,453,4,1162,619,915,495,103,147,1,38,35,3,0,0,0,0,0,11,25,11,14,0,68,"Western"
"10","Bellingham",93629,8108,870,7005,233,809,131,430,248,0,0,0,0,0,0,0,17,44,27,2,0,14,1,0,18,1,620,137,1448,0,14,534,7,490,33,0,0,2,2,3623,2,0,349,2,4,784,40,2442,382,80,148,0,150,150,0,0,0,0,0,0,13,1,0,1,0,69,95279,8970,1116,7700,154,1062,239,537,286,3,2,1,0,0,0,0,13,38,27,0,0,6,0,5,19,1,618,105,1669,0,10,475,4,449,19,0,0,2,1,4166,3,1,320,0,5,934,54,2849,379,130,128,0,48,45,3,0,0,0,0,0,12,5,2,3,0,89,93014,12629,1086,11226,317,1037,221,590,226,2,2,0,0,0,0,0,14,33,21,1,0,6,3,2,20,1,804,131,3926,0,14,301,4,272,20,0,0,4,1,5193,2,2,381,3,3,1341,59,3402,500,135,201,0,116,116,0,0,0,0,0,0,17,1,1,0,0,183,"Western"
"11","Bingen",745,48,4,44,0,4,1,3,0,0,0,0,0,0,0,0,0,0,0,0,0,0,0,0,0,0,4,1,13,0,0,2,1,1,0,0,0,0,0,23,0,0,2,0,0,14,3,4,1,0,0,0,0,0,0,0,0,0,0,0,0,0,0,0,0,0,751,31,7,24,0,7,0,6,1,0,0,0,0,0,0,0,0,0,0,0,0,0,0,0,0,0,1,1,14,0,0,1,1,0,0,0,0,0,0,5,0,0,0,0,0,1,2,2,0,1,1,0,0,0,0,0,0,0,0,0,0,0,0,0,0,0,737,34,6,28,0,5,0,5,0,0,0,0,0,0,0,0,0,1,1,0,0,0,0,0,1,0,4,0,12,0,0,2,1,0,1,0,0,0,0,8,0,0,1,0,0,2,1,4,1,0,0,0,0,0,0,0,0,0,0,0,0,0,0,0,0,0,"Eastern"
"12","Black Diamond",4858,72,25,37,10,24,1,18,5,0,0,0,0,0,0,0,0,1,0,0,0,0,0,1,0,0,7,0,15,0,0,1,0,1,0,0,0,0,0,13,0,0,2,2,0,2,0,7,1,0,0,0,7,4,3,0,0,0,0,0,0,0,0,0,0,3,5551,126,30,94,2,30,0,26,4,0,0,0,0,0,0,0,0,0,0,0,0,0,0,0,0,0,14,0,21,0,1,4,0,1,3,0,0,0,0,46,0,0,2,3,0,17,2,22,8,0,0,0,0,0,0,0,0,0,0,0,0,0,0,0,0,2,7021,104,17,87,0,17,0,10,7,0,0,0,0,0,0,0,0,0,0,0,0,0,0,0,0,0,13,0,17,0,0,7,5,1,1,0,0,0,0,45,0,0,2,1,0,19,3,20,5,0,0,0,0,0,0,0,0,0,0,0,0,0,0,0,0,0,"Western"
"13","Blaine",5717,320,78,192,50,70,8,39,23,0,0,0,0,0,0,0,2,6,1,1,0,4,0,0,0,0,27,14,44,0,3,17,1,9,6,0,0,0,1,72,0,0,0,0,0,0,0,72,5,0,10,0,36,35,1,0,0,0,0,0,3,0,0,0,0,11,5741,270,61,195,14,57,10,26,21,1,1,0,0,0,0,0,3,0,0,0,0,0,0,0,0,0,29,3,46,0,0,23,0,12,10,0,0,1,0,84,0,0,0,0,0,0,0,84,5,0,5,0,8,7,1,0,0,0,0,0,0,0,0,0,0,6,6050,356,91,243,22,82,13,45,24,1,1,0,0,0,0,0,6,2,0,0,0,1,0,1,0,0,34,6,67,0,2,19,0,9,10,0,0,0,0,88,0,0,0,0,0,1,0,87,17,1,9,0,15,15,0,0,0,0,0,0,2,0,0,0,0,5,"Western"
"14","Bonney Lake",21584,930,126,707,97,111,25,84,2,1,1,0,0,1,0,1,0,13,3,0,0,10,0,0,8,0,55,11,111,1,5,99,19,20,3,0,6,51,0,364,1,1,170,8,2,94,10,78,32,4,17,0,75,35,40,0,0,0,0,0,4,0,0,0,0,18,23142,1229,143,1033,53,121,28,90,3,0,0,0,0,0,0,0,0,22,6,0,0,14,0,2,0,0,77,9,173,0,6,103,29,22,3,0,10,36,3,560,1,1,251,11,0,141,50,105,71,12,22,0,35,14,21,0,0,0,0,0,0,0,0,0,0,18,22898,1349,176,1135,38,161,35,121,5,0,0,0,0,0,0,0,4,11,4,1,0,6,0,0,2,0,93,12,215,0,3,109,23,32,3,0,3,46,2,573,2,2,246,10,0,136,68,109,75,13,40,1,18,15,3,0,0,0,0,0,1,0,0,0,0,18,"Western"
"15","Bothell",48323,3169,205,1762,1202,190,23,133,34,2,1,0,1,0,0,0,1,12,7,0,0,4,1,0,5,0,164,32,232,0,4,47,27,10,10,0,0,0,0,1076,3,5,196,82,0,2,306,482,103,13,86,2,1143,481,662,0,0,0,0,0,14,3,2,1,0,40,48356,2169,202,1591,376,182,25,114,43,2,2,0,0,0,0,0,4,14,12,0,0,2,0,0,3,0,146,13,219,1,6,70,22,23,25,0,0,0,0,991,4,3,202,53,0,2,366,361,83,14,45,2,347,150,197,0,0,0,0,0,1,2,2,0,0,24,47407,1802,178,1426,198,163,17,120,26,1,1,0,0,0,0,0,1,13,9,1,0,3,0,0,3,0,121,11,225,0,4,79,48,14,17,0,0,0,0,825,2,3,211,45,1,1,265,297,108,10,40,4,157,83,74,0,0,0,0,0,8,0,0,0,0,29,"Western"
"16","Bremerton",41817,3876,974,2215,687,941,103,572,266,1,1,0,0,0,0,0,4,28,14,2,0,10,2,0,5,1,225,59,459,0,6,206,5,2,142,0,0,56,1,983,1,0,117,11,1,112,35,706,182,23,66,3,609,338,271,0,0,0,0,0,4,3,1,2,0,68,42798,3490,1020,2271,199,966,104,558,304,2,2,0,0,0,0,0,4,48,33,0,0,11,1,3,4,0,237,45,576,0,2,99,4,0,53,0,0,38,4,974,2,1,62,10,1,147,55,696,248,22,64,0,124,72,52,0,0,0,0,0,8,1,1,0,0,66,44256,4367,1149,3078,140,1088,128,657,303,1,1,0,0,0,0,0,9,51,37,3,0,9,0,2,13,0,324,40,665,3,10,96,6,0,39,0,0,49,2,1398,2,4,162,9,1,261,105,854,366,45,118,3,59,43,16,0,0,0,0,0,5,2,2,0,0,71,"Western"
"17","Brier",7055,220,19,193,8,19,2,15,2,0,0,0,0,0,0,0,0,0,0,0,0,0,0,0,0,0,15,2,22,0,2,72,1,0,1,0,0,69,1,74,1,0,0,9,0,18,1,45,1,1,4,0,4,4,0,0,0,0,0,0,1,0,0,0,0,3,7030,114,21,88,5,18,1,10,7,0,0,0,0,0,0,0,0,3,1,2,0,0,0,0,1,0,3,3,27,0,0,6,0,0,0,0,0,5,1,39,0,0,0,1,0,8,2,28,5,1,3,0,5,3,2,0,0,0,0,0,0,0,0,0,0,0,6448,175,34,137,4,30,10,14,6,0,0,0,0,0,0,0,0,4,0,0,0,3,0,1,0,0,16,2,46,0,0,6,2,0,1,0,0,3,0,42,0,0,0,5,0,6,6,25,19,0,6,0,4,2,2,0,0,0,0,0,0,0,0,0,0,0,"Western"
"18","Buckley",5663,236,55,131,50,50,17,33,0,0,0,0,0,0,0,0,0,5,2,0,0,3,0,0,2,0,17,2,29,0,0,12,0,1,0,0,1,10,0,56,0,1,3,6,0,18,2,26,7,1,5,0,41,20,21,0,0,0,0,0,0,0,0,0,0,9,5914,217,59,146,12,54,12,42,0,0,0,0,0,0,0,0,0,5,1,0,0,4,0,0,0,0,16,1,52,0,0,5,1,0,0,0,1,3,0,52,0,1,1,8,1,12,9,20,14,1,5,0,8,6,2,0,0,0,0,0,0,0,0,0,0,4,5982,202,59,134,9,53,15,38,0,1,1,0,0,0,0,0,0,5,0,0,1,4,0,0,1,0,14,0,44,0,1,5,3,0,1,0,0,1,0,49,0,0,3,10,0,9,5,22,16,0,4,1,2,2,0,0,0,0,0,0,1,0,0,0,0,5,"Western"
"19","Burien",51879,4094,580,3347,167,541,138,265,138,4,4,0,0,0,0,0,2,33,26,0,0,7,0,0,15,0,435,26,514,3,4,476,78,51,3,1,2,341,0,1272,3,9,122,99,3,560,150,326,493,64,45,4,114,102,12,0,0,0,0,0,3,2,1,1,0,44,51584,4248,698,3385,165,642,144,356,142,6,4,2,0,0,0,0,13,37,23,0,0,14,0,0,33,0,431,27,541,3,0,163,58,44,3,0,10,47,1,1485,4,8,183,96,5,573,324,292,564,89,49,3,83,66,17,0,0,0,0,0,6,0,0,0,0,73,50159,3898,700,3025,173,642,142,377,123,3,2,0,1,0,0,0,9,46,30,0,0,14,0,2,17,0,394,26,596,3,7,127,46,30,0,1,9,41,0,1077,1,9,166,86,0,337,301,177,621,79,78,1,72,68,4,0,0,0,0,0,4,2,0,2,0,94,"Western"
"20","Burlington",9321,999,112,741,146,109,4,86,19,0,0,0,0,0,0,0,0,3,1,0,0,2,0,0,1,0,41,5,134,2,0,41,16,3,13,0,1,7,1,468,0,0,279,11,0,91,1,86,28,6,15,1,128,68,60,0,0,0,0,0,1,0,0,0,0,16,9666,1548,151,1339,58,145,6,119,20,0,0,0,0,0,0,0,2,4,2,0,0,2,0,0,1,0,85,6,298,1,0,56,16,12,21,0,1,6,0,756,0,0,312,16,0,212,24,192,101,7,28,2,45,26,19,0,0,0,0,0,0,0,0,0,0,11,10187,1944,183,1692,69,173,5,151,17,2,2,0,0,0,0,0,2,6,5,0,0,1,0,0,1,0,130,6,397,0,0,46,7,5,20,0,1,13,0,955,0,5,484,29,0,169,96,172,102,22,33,0,58,43,15,0,0,0,0,0,0,0,0,0,0,11,"Western"
"21","Carnation",2345,70,5,65,0,5,1,1,3,0,0,0,0,0,0,0,0,0,0,0,0,0,0,0,0,0,8,0,5,0,0,28,0,1,0,0,0,27,0,21,0,0,0,1,0,8,2,10,3,0,0,0,0,0,0,0,0,0,0,0,0,0,0,0,0,0,2366,41,5,36,0,4,0,2,2,0,0,0,0,0,0,0,0,1,0,0,0,1,0,0,0,0,1,0,8,0,0,6,3,0,0,0,0,3,0,17,0,0,1,1,0,5,6,4,4,0,0,0,0,0,0,0,0,0,0,0,0,0,0,0,0,0,2170,45,7,37,1,6,0,4,2,0,0,0,0,0,0,0,1,0,0,0,0,0,0,0,0,0,6,0,4,0,2,4,2,0,0,0,0,2,0,19,0,0,1,1,0,8,4,5,2,0,0,0,1,1,0,0,0,0,0,0,0,0,0,0,0,0,"Western"
"22","Centralia",17867,1409,304,833,272,271,33,205,33,1,1,0,0,0,0,0,5,27,10,0,0,12,1,4,3,0,86,23,158,0,1,96,18,5,70,0,3,0,0,402,1,4,110,1,0,62,4,220,37,11,16,0,261,169,92,0,0,0,0,0,1,1,1,0,0,9,18131,1214,207,904,103,178,24,137,17,1,1,0,0,0,0,0,6,22,11,0,0,9,1,1,4,0,104,7,169,0,2,41,6,5,29,0,1,0,0,501,0,2,167,1,1,126,32,172,60,2,14,0,89,50,39,0,0,0,0,0,3,0,0,0,0,11,18993,1823,344,1361,118,300,36,238,26,2,2,0,0,0,0,0,2,40,13,0,0,27,0,0,5,0,122,21,256,0,2,62,22,2,36,0,2,0,0,736,0,11,328,2,0,134,41,220,122,12,23,0,90,76,14,0,0,0,0,0,2,0,0,0,0,26,"Western"
"23","Chehalis",7700,777,143,589,45,127,12,104,11,1,0,1,0,0,0,0,0,15,2,0,0,12,1,0,1,0,45,20,82,1,0,28,11,7,8,0,2,0,0,380,0,1,210,1,2,68,4,94,19,6,7,0,44,32,12,0,0,0,0,0,1,0,0,0,0,0,7885,839,154,677,8,139,24,105,10,1,1,0,0,0,0,0,2,12,5,0,0,6,0,1,1,0,71,12,142,0,0,13,2,3,7,0,1,0,0,381,1,0,167,0,0,93,26,94,36,10,11,0,3,3,0,0,0,0,0,0,0,0,0,0,0,5,7870,860,125,717,18,116,16,87,13,0,0,0,0,0,0,0,1,8,1,0,0,5,0,2,0,0,54,23,122,0,0,11,3,1,6,0,1,0,0,436,0,0,202,0,0,72,20,142,51,7,13,0,14,10,4,0,0,0,0,0,0,1,1,0,0,3,"Western"
"24","Cheney",12741,495,126,354,15,112,12,76,24,0,0,0,0,0,0,0,0,14,5,1,0,8,0,0,0,0,44,9,50,0,3,45,0,3,33,0,9,0,0,157,1,0,32,17,0,54,1,52,35,0,11,0,10,10,0,0,0,0,0,0,0,1,1,0,0,4,13175,496,143,348,5,129,19,83,27,0,0,0,0,0,0,0,0,14,6,0,0,7,0,1,0,0,20,3,87,0,3,29,0,0,4,0,21,4,0,181,0,0,14,12,0,110,3,42,19,1,5,0,2,2,0,0,0,0,0,0,0,0,0,0,0,3,13092,565,175,382,8,159,13,93,53,0,0,0,0,0,0,0,0,16,10,0,0,6,0,0,3,0,42,7,82,0,4,37,0,5,4,0,25,3,0,178,0,0,19,18,0,97,3,41,20,3,6,0,3,2,1,0,0,0,0,0,0,0,0,0,0,5,"Eastern"
"25","Cle Elum",3023,238,35,194,9,33,5,27,1,0,0,0,0,0,0,0,1,1,1,0,0,0,0,0,0,0,28,2,53,0,1,17,3,6,7,0,0,1,0,80,0,0,14,5,2,8,2,49,10,1,2,1,4,2,2,0,0,0,0,0,0,0,0,0,0,4,3103,212,32,173,7,28,3,25,0,0,0,0,0,0,0,0,0,4,2,0,0,2,0,0,0,0,19,7,38,0,0,16,11,4,1,0,0,0,0,80,0,1,12,3,0,9,5,50,11,1,1,1,1,1,0,0,0,0,0,0,1,0,0,0,0,4,3198,219,41,171,7,39,5,33,1,0,0,0,0,0,0,0,0,2,1,1,0,0,0,0,0,0,14,10,42,0,0,5,4,0,0,0,0,1,0,82,0,1,14,4,1,16,4,42,16,1,1,0,0,0,0,0,0,0,0,0,0,0,0,0,0,7,"Eastern"
"26","College Place",9374,311,35,248,28,33,6,23,4,0,0,0,0,0,0,0,0,2,2,0,0,0,0,0,0,0,20,4,16,0,1,9,4,3,0,0,0,1,1,181,0,1,61,2,0,12,2,103,8,1,8,0,18,10,8,0,0,0,0,0,0,0,0,0,0,10,9560,321,56,251,14,50,9,38,3,0,0,0,0,0,0,0,2,4,0,1,0,3,0,0,1,0,30,1,22,0,0,8,3,0,2,0,0,3,0,172,0,0,65,2,0,13,2,90,12,1,4,0,7,6,1,0,0,0,0,0,0,0,0,0,0,7,9907,269,20,246,3,19,5,13,1,0,0,0,0,0,0,0,0,1,0,0,0,1,0,0,0,0,50,0,8,0,0,8,2,0,1,0,3,2,0,164,0,1,68,2,0,10,2,81,9,2,5,0,1,1,0,0,0,0,0,0,0,0,0,0,0,2,"Eastern"
"27","Colville",4845,40,38,0,2,38,3,35,0,0,0,0,0,0,0,0,0,0,0,0,0,0,0,0,0,0,0,0,0,0,0,0,0,0,0,0,0,0,0,0,0,0,0,0,0,0,0,0,0,0,0,0,0,0,0,0,0,0,0,0,0,0,0,0,0,2,4840,18,16,2,0,16,1,15,0,0,0,0,0,0,0,0,0,0,0,0,0,0,0,0,0,0,0,0,0,0,0,0,0,0,0,0,0,0,0,2,0,0,2,0,0,0,0,0,0,0,0,0,0,0,0,0,0,0,0,0,0,0,0,0,0,0,5026,63,31,32,0,31,2,21,8,0,0,0,0,0,0,0,0,0,0,0,0,0,0,0,0,0,6,0,9,0,0,3,3,0,0,0,0,0,0,8,0,0,1,0,0,7,0,0,6,0,0,0,0,0,0,0,0,0,0,0,0,0,0,0,0,0,"Eastern"
"28","Connell",5725,89,35,46,8,28,3,22,3,0,0,0,0,0,0,0,1,6,2,1,0,1,0,2,0,0,5,1,16,0,0,4,4,0,0,0,0,0,0,17,0,0,0,0,0,6,0,11,2,0,1,1,5,4,1,0,0,0,0,0,1,0,0,0,0,1,5660,60,21,33,6,16,1,14,1,0,0,0,0,0,0,0,0,5,0,0,0,5,0,0,0,0,8,0,10,0,0,2,1,1,0,0,0,0,0,11,0,0,0,0,0,5,2,4,2,0,0,0,6,3,3,0,0,0,0,0,0,0,0,0,0,0,4945,100,26,74,0,20,2,17,1,0,0,0,0,0,0,0,1,5,3,0,0,2,0,0,0,0,12,0,24,0,0,1,0,0,0,1,0,0,0,26,0,0,0,1,0,18,0,7,9,1,1,0,0,0,0,0,0,0,0,0,0,0,0,0,0,0,"Eastern"
"29","Covington",21613,1101,128,949,24,125,19,69,37,0,0,0,0,0,0,0,1,2,2,0,0,0,0,0,2,0,93,15,122,1,0,219,18,17,2,0,1,181,0,424,0,0,143,32,2,120,39,88,48,13,12,0,13,11,2,0,0,0,0,0,5,0,0,0,0,6,22024,1323,141,1174,8,132,15,81,36,0,0,0,0,0,0,0,1,8,6,0,0,2,0,0,0,0,101,7,142,0,2,94,20,27,0,0,4,43,0,685,6,8,240,44,0,176,125,86,110,15,18,0,5,4,1,0,0,0,0,0,0,0,0,0,0,3,20686,1262,161,1084,17,141,31,83,27,0,0,0,0,0,0,0,1,19,11,0,0,8,0,0,0,0,138,16,115,0,1,60,23,9,0,1,0,27,0,586,1,2,267,43,0,112,81,80,121,28,19,0,3,2,1,0,0,0,0,0,2,1,0,1,0,11,"Western"
"30","Darrington",1429,99,37,48,14,36,7,25,4,0,0,0,0,0,0,0,1,0,0,0,0,0,0,0,1,0,14,1,9,0,0,2,0,0,1,0,0,1,0,17,0,1,2,1,0,3,2,8,2,0,2,1,11,5,6,0,0,0,0,0,0,0,0,0,0,2,1430,63,25,33,5,24,9,13,2,0,0,0,0,0,0,0,1,0,0,0,0,0,0,0,0,0,6,0,13,0,0,0,0,0,0,0,0,0,0,12,0,0,1,0,0,4,0,7,1,0,1,0,4,2,2,0,0,0,0,0,0,0,0,0,0,1,1468,37,16,18,3,14,5,8,1,0,0,0,0,0,0,0,1,1,1,0,0,0,0,0,0,0,4,0,1,0,0,2,0,0,1,0,0,1,0,6,0,0,0,2,0,1,0,3,4,0,1,0,1,0,1,0,0,0,0,0,0,0,0,0,0,2,"Western"
"31","Des Moines",32652,2339,334,1920,85,312,41,229,42,2,2,0,0,0,0,0,4,16,9,1,0,5,0,1,7,0,128,16,324,0,3,302,34,1,234,0,0,32,1,777,1,4,19,18,0,345,36,354,261,56,46,1,54,27,27,0,0,0,0,0,6,0,0,0,0,24,32664,2081,310,1722,49,286,57,184,45,2,2,0,0,0,0,0,2,20,11,1,0,8,0,0,6,0,131,16,332,0,0,98,26,1,32,0,0,39,0,796,1,11,66,15,1,305,42,355,268,37,38,5,20,15,5,0,0,0,0,0,3,0,0,0,0,21,32541,2148,360,1745,43,329,54,213,62,3,3,0,0,0,0,0,11,17,8,1,0,8,0,0,9,0,133,7,341,0,1,97,36,0,19,0,0,42,0,753,0,7,116,5,0,264,40,321,271,33,100,1,10,10,0,0,0,0,0,0,3,0,0,0,0,29,"Western"
"32","Dupont",9668,318,59,251,8,54,19,33,2,0,0,0,0,0,0,0,3,2,1,0,0,0,0,1,1,0,16,4,69,0,1,49,9,6,1,0,2,31,0,101,0,0,2,8,0,55,4,32,6,2,2,0,6,4,2,0,0,0,0,0,1,0,0,0,0,1,9740,314,45,264,5,37,8,29,0,0,0,0,0,0,0,0,3,5,1,1,0,3,0,0,1,0,17,2,59,0,4,21,4,4,0,1,1,11,0,133,0,0,6,3,0,88,8,28,17,1,9,0,2,2,0,0,0,0,0,0,0,0,0,0,0,3,10024,327,30,291,6,21,5,16,0,0,0,0,0,0,0,0,1,8,2,0,0,5,1,0,1,0,12,2,55,0,3,14,1,1,1,0,1,10,0,153,0,0,5,1,1,92,9,45,42,3,6,0,0,0,0,0,0,0,0,0,2,0,0,0,0,4,"Western"
"33","Duvall",8275,208,12,191,5,9,1,7,1,0,0,0,0,0,0,0,0,3,2,0,0,1,0,0,3,0,4,5,6,0,0,108,105,2,0,0,1,0,0,54,0,0,2,4,0,27,3,18,11,0,0,0,4,1,3,0,0,0,0,0,0,0,0,0,0,1,8319,69,5,63,1,5,0,4,1,0,0,0,0,0,0,0,0,0,0,0,0,0,0,0,1,0,5,0,9,0,0,12,4,6,0,0,1,1,0,30,0,0,3,3,0,6,3,15,6,0,0,0,1,1,0,0,0,0,0,0,0,0,0,0,0,0,8778,95,20,75,0,19,4,14,1,0,0,0,0,0,0,0,1,0,0,0,0,0,0,0,0,0,3,1,17,0,1,6,1,2,0,0,3,0,0,43,0,0,7,1,0,7,10,18,3,1,0,0,0,0,0,0,0,0,0,0,0,0,0,0,0,0,"Western"
"34","East Wenatchee",14336,568,87,402,79,73,6,67,0,0,0,0,0,0,0,0,2,12,3,0,0,7,0,2,1,0,16,26,109,0,0,24,9,10,0,0,0,5,0,196,1,7,74,3,0,31,7,73,20,3,7,1,56,37,19,0,0,0,0,0,0,0,0,0,0,22,14096,585,124,426,35,104,7,94,3,0,0,0,0,0,0,0,2,18,1,0,1,15,0,1,1,0,17,21,102,0,0,21,7,8,0,0,0,6,0,236,0,9,66,2,0,51,13,95,17,3,8,1,11,8,3,0,0,0,0,0,1,0,0,0,0,22,14243,686,164,457,65,152,13,133,6,0,0,0,0,0,0,0,1,11,3,0,0,6,1,1,0,0,47,42,81,0,0,19,5,4,2,0,1,6,1,228,0,1,85,0,2,41,11,88,24,4,12,0,24,24,0,0,0,0,0,0,5,0,0,0,0,36,"Eastern"
"35","Eatonville",3058,84,25,56,3,19,8,11,0,0,0,0,0,0,0,0,2,4,1,0,1,2,0,0,0,0,4,3,7,0,3,11,2,1,2,0,0,6,0,21,1,0,0,5,2,3,1,9,6,0,1,0,1,0,1,0,0,0,0,0,1,0,0,0,0,1,3055,85,32,49,4,26,9,16,1,0,0,0,0,0,0,0,0,6,3,0,0,2,0,1,0,0,7,3,6,0,0,4,1,2,0,0,0,1,0,23,0,0,0,3,0,4,6,10,5,0,1,0,4,4,0,0,0,0,0,0,0,0,0,0,0,0,2849,79,22,51,6,22,7,15,0,0,0,0,0,0,0,0,0,0,0,0,0,0,0,0,2,0,2,0,14,0,2,9,0,2,1,0,0,6,0,13,0,0,0,2,0,1,2,8,7,1,1,1,4,2,2,0,0,0,0,0,0,0,0,0,0,1,"Western"
"36","Edgewood",13553,643,81,545,17,67,16,42,9,0,0,0,0,0,0,0,2,12,4,1,1,6,0,0,1,0,73,3,92,0,2,128,11,10,2,0,3,102,0,196,0,0,24,6,0,65,8,93,39,5,6,0,13,9,4,0,0,0,0,0,2,0,0,0,0,2,13909,683,69,592,22,65,9,52,4,0,0,0,0,0,0,0,0,4,1,0,0,3,0,0,2,0,83,8,108,0,1,50,11,15,2,0,4,17,1,270,0,0,13,4,0,110,34,109,54,3,13,0,13,11,2,0,0,0,0,0,0,1,1,0,0,8,12900,738,85,645,8,70,10,60,0,0,0,0,0,0,0,0,3,12,6,0,2,4,0,0,3,0,100,0,120,0,1,53,11,17,2,0,7,16,0,272,0,0,19,4,0,109,19,121,79,5,12,1,2,1,1,0,0,0,0,0,2,0,0,0,0,3,"Western"
"37","Edmonds",42934,3183,279,2495,409,258,43,161,54,2,2,0,0,0,0,0,1,18,14,0,0,3,1,0,4,0,186,46,396,3,5,725,75,69,37,0,6,519,19,954,1,1,286,51,0,312,48,255,85,33,58,1,395,162,233,0,0,0,0,0,0,0,0,0,0,13,42803,2515,294,1997,224,268,60,130,78,0,0,0,0,0,0,0,6,20,8,2,0,9,0,1,6,0,164,31,423,1,5,288,66,61,47,0,8,89,17,875,1,0,277,51,0,230,138,178,107,43,54,2,203,102,101,0,0,0,0,0,3,0,0,0,0,16,42714,2647,311,1994,342,289,64,160,65,2,1,0,1,0,0,0,8,12,7,0,0,5,0,0,5,0,174,32,436,0,4,264,67,51,48,0,10,72,16,883,2,5,376,37,0,185,119,159,110,32,54,3,314,161,153,0,0,0,0,0,0,0,0,0,0,25,"Western"
"38","Ellensburg",21448,1489,231,1107,151,206,34,167,5,2,2,0,0,0,0,0,1,22,9,1,0,12,0,0,1,0,90,28,336,3,4,101,14,32,48,0,0,5,2,493,0,0,118,1,3,79,18,274,26,7,18,0,118,93,25,0,0,0,0,0,4,2,1,1,0,27,21933,1439,240,1093,106,214,31,177,6,6,6,0,0,0,0,0,1,19,10,0,0,8,0,1,2,0,85,17,322,3,6,72,25,13,20,0,0,12,2,514,0,0,124,2,2,116,35,235,41,8,23,2,65,45,20,0,0,0,0,0,1,0,0,0,0,38,19822,1397,228,1086,83,202,30,164,8,4,2,2,0,0,0,0,0,22,8,1,0,12,1,0,1,1,75,22,361,4,6,123,48,22,28,0,2,22,1,431,0,0,163,2,1,65,25,175,37,9,16,6,37,29,8,0,0,0,0,0,3,0,0,0,0,37,"Eastern"
"39","Elma",3357,198,52,129,17,44,3,21,20,0,0,0,0,0,0,0,0,8,3,0,0,5,0,0,0,0,12,1,24,0,1,28,21,0,7,0,0,0,0,58,0,0,6,1,1,3,19,28,5,0,0,1,14,10,4,0,0,0,0,0,0,0,0,0,0,2,3387,176,47,115,14,42,3,29,10,1,1,0,0,0,0,0,0,4,0,0,0,4,0,0,1,0,15,1,26,0,0,13,7,0,6,0,0,0,0,53,0,0,4,2,1,10,20,16,4,0,2,0,12,9,3,0,0,0,0,0,0,0,0,0,0,2,3509,157,36,109,12,28,4,21,3,0,0,0,0,0,0,0,1,7,2,0,0,5,0,0,0,0,19,1,23,0,1,10,8,0,2,0,0,0,0,44,0,0,6,1,0,5,8,24,8,0,3,0,9,5,4,0,0,0,0,0,0,0,0,0,0,3,"Western"
"40","Enumclaw",12315,566,89,442,35,75,5,69,1,0,0,0,0,0,0,0,2,12,3,0,0,9,0,0,1,0,30,2,87,0,1,118,25,4,89,0,0,0,0,172,0,0,32,21,1,66,2,50,22,1,8,0,25,7,18,0,0,0,0,0,2,0,0,0,0,8,12700,508,74,422,12,68,5,59,4,0,0,0,0,0,0,0,0,6,5,0,0,1,0,0,5,0,26,1,125,0,0,26,19,0,7,0,0,0,0,198,0,0,29,21,0,59,31,58,35,2,4,0,3,2,1,0,0,0,0,0,0,0,0,0,0,9,12833,534,57,463,14,55,2,51,2,0,0,0,0,0,0,0,0,2,1,0,1,0,0,0,0,1,33,9,150,0,0,26,24,1,1,0,0,0,0,186,0,0,26,28,0,57,29,46,53,3,2,0,3,3,0,0,0,0,0,0,0,0,0,0,0,11,"Western"
"41","Ephrata",8184,674,103,526,45,92,23,58,11,0,0,0,0,0,0,0,1,10,6,1,0,3,0,0,0,0,80,12,33,1,2,94,37,10,42,0,5,0,0,257,0,0,90,33,0,45,10,79,37,5,5,5,31,21,10,0,0,0,0,0,1,0,0,0,0,8,8268,730,119,581,30,105,16,75,14,0,0,0,0,0,0,0,4,10,2,1,0,7,0,0,1,0,99,4,38,2,1,44,26,14,0,0,4,0,0,323,0,0,91,20,0,100,31,81,53,5,11,7,15,12,3,0,0,0,0,0,1,0,0,0,0,7,8465,679,116,523,40,101,13,74,14,0,0,0,0,0,0,0,5,10,4,2,0,4,0,0,1,0,85,12,54,1,2,38,21,9,4,0,4,0,0,285,0,1,84,13,0,67,14,106,34,2,9,10,18,11,7,0,0,0,0,0,2,0,0,0,0,10,"Eastern"
"42","Everett",112439,8932,1190,6560,1182,1116,243,744,129,6,4,2,0,0,0,0,14,54,35,2,0,15,0,2,13,0,504,116,1455,0,2,676,14,6,44,0,0,610,2,2764,7,9,519,204,3,870,206,946,727,99,204,2,1066,453,613,0,0,0,0,0,5,5,2,2,1,104,113469,10036,1228,8204,604,1144,231,760,153,6,4,1,1,0,0,0,14,64,32,5,0,22,1,4,23,0,707,95,2353,5,9,533,11,4,81,0,0,435,2,3521,3,5,462,194,7,1207,562,1081,681,84,193,4,460,211,249,0,0,0,0,0,8,13,3,0,10,119,110694,10766,1392,8757,617,1268,319,782,167,17,12,5,0,0,0,0,20,87,48,8,0,26,0,5,20,0,737,99,2529,17,4,457,15,6,60,0,0,372,4,3549,5,2,439,165,5,1112,799,1022,1006,113,226,7,414,295,119,0,0,0,0,0,6,3,1,2,0,187,"Western"
"43","Federal Way",97071,4703,955,3494,254,883,191,678,14,6,6,0,0,0,0,0,16,50,28,2,0,18,1,1,24,0,463,76,538,2,2,173,90,47,34,0,2,0,0,1752,2,18,581,75,7,553,140,376,330,121,13,0,125,67,58,0,0,0,0,0,8,0,0,0,0,121,97017,7929,1128,6610,191,1013,273,715,25,12,11,1,0,0,0,0,25,78,41,3,2,26,1,5,31,0,771,61,1154,0,13,386,164,98,99,0,25,0,0,3030,1,48,440,89,1,1211,508,732,932,163,69,12,36,28,8,0,0,0,0,0,4,2,2,0,0,137,97094,8254,1357,6633,264,1233,317,803,113,10,8,0,2,0,0,0,22,92,48,7,1,30,0,6,27,0,666,42,979,0,1,320,168,85,55,0,12,0,0,2931,5,45,584,81,3,1053,479,681,1463,155,49,5,46,32,14,0,0,0,0,0,17,1,1,0,0,195,"Western"
"44","Ferndale",15337,478,92,343,43,88,10,53,25,0,0,0,0,0,0,0,1,3,1,0,0,2,0,0,1,0,35,23,81,0,3,3,0,3,0,0,0,0,0,180,0,0,11,0,0,0,0,169,9,2,6,0,39,14,25,0,0,0,0,0,1,0,0,0,0,3,16006,771,122,636,13,116,20,72,24,0,0,0,0,0,0,0,1,5,1,0,0,2,0,2,0,0,51,35,162,0,1,39,2,32,3,0,0,2,0,307,0,0,5,0,0,0,0,302,25,2,14,0,6,2,4,0,0,0,0,0,1,0,0,0,0,6,15816,931,135,784,12,124,12,76,36,3,3,0,0,0,0,0,2,6,5,0,0,1,0,0,5,1,40,36,221,0,4,20,0,17,1,0,0,2,0,398,0,0,9,0,0,0,0,389,28,8,23,0,2,2,0,0,0,0,0,0,1,0,0,0,0,9,"Western"
"45","Fife",10301,1922,257,1495,170,238,95,142,1,4,4,0,0,0,0,0,3,12,8,0,2,2,0,0,5,0,80,48,380,1,0,85,20,19,3,0,4,37,2,552,2,1,46,46,0,253,56,148,279,36,29,0,141,60,81,0,0,0,0,0,0,0,0,0,0,29,10577,2420,313,2033,74,294,123,170,1,1,1,0,0,1,1,0,4,13,9,1,0,3,0,0,10,0,150,19,541,0,1,57,7,29,1,0,5,15,0,759,2,3,80,41,2,324,130,177,395,64,37,1,41,22,19,0,0,0,0,0,0,0,0,0,0,32,10900,2363,308,2031,24,281,106,174,1,1,1,0,0,0,0,0,7,19,12,1,1,5,0,0,10,0,181,9,521,0,1,51,12,15,2,0,3,18,1,728,0,2,84,26,0,269,126,221,442,49,39,1,4,4,0,0,0,0,0,0,0,0,0,0,0,19,"Western"
"46","Fircrest",6869,278,33,235,10,28,7,21,0,0,0,0,0,0,0,0,1,4,0,0,0,4,0,0,0,0,19,3,48,0,0,57,6,4,1,0,0,46,0,96,0,0,1,3,0,61,1,30,8,1,3,0,9,6,3,0,0,0,0,0,0,0,0,0,0,1,6920,307,28,272,7,26,9,17,0,0,0,0,0,0,0,0,1,1,0,0,1,0,0,0,0,0,37,0,50,0,2,19,5,5,0,0,2,7,0,134,0,1,4,12,0,68,13,36,19,1,10,0,3,2,1,0,0,0,0,0,0,0,0,0,0,4,7047,314,35,278,1,26,7,19,0,0,0,0,0,0,0,0,1,8,0,0,1,7,0,0,2,0,21,2,86,0,1,16,2,3,1,0,0,10,0,93,0,1,5,6,0,47,5,29,42,4,11,0,0,0,0,0,0,0,0,0,1,0,0,0,0,0,"Western"
"47","Gig Harbor",11216,805,64,683,58,63,13,50,0,0,0,0,0,0,0,0,0,1,0,0,0,1,0,0,0,0,66,11,60,0,0,112,21,9,6,0,0,76,0,381,0,1,163,11,0,115,7,84,29,5,19,0,52,38,14,0,0,0,0,0,1,0,0,0,0,5,11345,742,57,665,20,51,9,41,1,0,0,0,0,0,0,0,3,3,0,0,1,2,0,0,0,0,51,11,76,0,0,60,8,10,4,0,2,36,0,385,3,4,140,6,0,134,30,68,44,8,30,1,13,9,4,0,0,0,0,0,2,0,0,0,0,4,12301,1093,65,1009,19,60,16,44,0,0,0,0,0,0,0,0,1,4,2,0,0,2,0,0,1,0,90,4,102,1,2,61,15,10,1,0,1,34,0,562,0,2,218,7,0,178,75,82,121,12,53,1,6,5,1,0,0,0,0,0,2,0,0,0,0,10,"Western"
"48","Gold Bar",2374,79,20,54,5,18,1,14,3,0,0,0,0,0,0,0,2,0,0,0,0,0,0,0,0,0,15,0,14,0,0,5,1,0,0,0,0,4,0,17,0,0,0,0,0,8,1,8,1,0,2,0,4,2,2,0,0,0,0,0,0,0,0,0,0,1,2408,87,27,58,2,27,2,22,3,0,0,0,0,0,0,0,0,0,0,0,0,0,0,0,0,0,23,0,22,0,0,2,0,0,0,0,0,2,0,9,0,0,0,0,0,1,0,8,1,1,0,0,1,0,1,0,0,0,0,0,0,0,0,0,0,1,2384,57,13,41,3,12,2,8,2,0,0,0,0,0,0,0,0,1,1,0,0,0,0,0,0,0,10,0,13,0,0,1,0,0,0,0,0,1,0,14,0,0,0,0,0,3,0,11,1,1,1,1,1,1,0,0,0,0,0,0,0,0,0,0,0,1,"Western"
"49","Goldendale",3516,197,34,157,6,32,5,27,0,0,0,0,0,0,0,0,0,2,2,0,0,0,0,0,0,0,22,0,56,0,0,0,0,0,0,0,0,0,0,66,0,0,14,0,0,10,5,37,13,0,0,0,4,4,0,0,0,0,0,0,0,0,0,0,0,2,3696,206,40,161,5,40,8,32,0,0,0,0,0,0,0,0,0,0,0,0,0,0,0,0,0,0,13,1,47,0,0,0,0,0,0,0,0,0,0,92,0,0,10,0,0,27,10,45,6,2,0,0,3,2,1,0,0,0,0,0,0,0,0,0,0,2,3551,258,48,204,6,48,3,45,0,0,0,0,0,0,0,0,0,0,0,0,0,0,0,0,0,0,22,0,41,0,0,0,0,0,0,0,0,0,0,139,0,0,47,0,0,21,2,69,1,0,1,0,3,3,0,0,0,0,0,0,0,0,0,0,0,3,"Western"
"50","Grand Coulee",2054,126,33,84,9,26,2,23,1,0,0,0,0,0,0,0,4,3,3,0,0,0,0,0,0,0,24,0,23,0,0,2,0,1,1,0,0,0,0,26,0,0,6,12,1,6,0,1,9,0,0,1,7,7,0,0,0,0,0,0,0,0,0,0,0,1,2047,127,39,88,0,37,6,30,1,0,0,0,0,0,0,0,1,1,1,0,0,0,0,0,1,0,16,0,15,0,0,4,0,2,2,0,0,0,0,49,0,0,7,18,0,23,1,0,3,0,0,0,0,0,0,0,0,0,0,0,0,0,0,0,0,0,1919,116,33,82,1,29,3,26,0,1,1,0,0,0,0,0,0,3,0,0,0,3,0,0,1,0,11,0,11,0,0,5,1,3,0,0,1,0,0,39,0,0,1,18,0,19,0,1,15,0,0,1,0,0,0,0,0,0,0,0,0,0,0,0,0,0,"Eastern"
"51","Grandview",11099,577,106,448,23,98,7,68,23,0,0,0,0,0,0,0,1,7,5,0,0,1,0,1,0,0,56,4,82,0,0,116,20,6,1,0,0,89,0,139,0,0,31,4,2,42,7,53,47,3,1,0,21,17,4,0,0,0,0,0,0,0,0,0,0,2,11043,641,130,492,19,121,15,96,10,0,0,0,0,0,0,0,1,8,4,0,0,4,0,0,1,0,74,10,133,1,0,28,14,6,0,0,1,7,0,166,0,2,25,8,0,44,14,73,71,1,7,0,13,13,0,0,0,0,0,0,0,0,0,0,0,6,10901,696,126,557,13,117,22,88,7,0,0,0,0,0,0,0,1,8,5,0,0,3,0,0,4,0,96,8,125,0,0,27,14,5,1,0,2,5,0,224,0,1,46,1,0,70,13,93,57,6,10,0,2,2,0,0,0,0,0,0,0,0,0,0,0,11,"Eastern"
"52","Granite Falls",4341,168,41,115,12,40,4,35,1,0,0,0,0,0,0,0,0,1,1,0,0,0,0,0,0,0,15,0,37,0,0,12,0,1,0,0,0,11,0,44,0,1,8,7,0,7,2,19,2,4,1,0,9,5,4,0,0,0,0,0,0,0,0,0,0,3,4728,97,31,60,6,30,1,25,4,0,0,0,0,0,0,0,0,1,0,0,0,1,0,0,0,0,10,0,13,0,0,4,0,0,1,0,0,3,0,29,0,0,4,4,1,7,2,11,3,0,1,1,2,1,1,0,0,0,0,0,1,0,0,0,0,2,4842,170,58,102,10,56,5,42,9,0,0,0,0,0,0,0,0,2,2,0,0,0,0,0,0,0,21,2,33,0,0,4,0,0,1,0,0,3,0,36,0,0,1,7,0,6,9,13,4,1,1,0,6,2,4,0,0,0,0,0,1,0,0,0,0,3,"Western"
"53","Hoquiam",8647,626,157,291,178,130,6,102,22,0,0,0,0,0,0,0,0,27,1,0,0,26,0,0,1,0,19,0,91,0,0,8,7,0,1,0,0,0,0,154,1,1,24,1,0,8,28,91,13,1,4,0,158,78,80,0,0,0,0,0,1,0,0,0,0,19,8696,503,132,290,81,109,11,86,12,0,0,0,0,0,0,0,3,20,3,0,0,17,0,0,2,0,36,2,96,0,0,7,6,1,0,0,0,0,0,122,0,1,14,0,0,13,28,66,20,3,2,0,67,40,27,0,0,0,0,0,0,0,0,0,0,14,8918,591,153,346,92,125,9,95,21,2,2,0,0,0,0,0,5,21,0,0,0,21,0,0,1,0,47,0,125,0,0,10,8,0,2,0,0,0,0,142,0,2,22,2,0,7,35,74,19,0,2,0,86,58,28,0,0,0,0,0,0,0,0,0,0,6,"Western"
"54","Index",215,7,3,4,0,3,0,3,0,0,0,0,0,0,0,0,0,0,0,0,0,0,0,0,0,0,0,0,2,0,0,1,0,0,0,0,0,1,0,1,0,0,0,0,0,1,0,0,0,0,0,0,0,0,0,0,0,0,0,0,0,0,0,0,0,0,218,0,0,0,0,0,0,0,0,0,0,0,0,0,0,0,0,0,0,0,0,0,0,0,0,0,0,0,0,0,0,0,0,0,0,0,0,0,0,0,0,0,0,0,0,0,0,0,0,0,0,0,0,0,0,0,0,0,0,0,0,0,0,0,0,0,157,2,0,2,0,0,0,0,0,0,0,0,0,0,0,0,0,0,0,0,0,0,0,0,0,0,0,0,0,0,0,0,0,0,0,0,0,0,0,2,0,0,0,0,0,0,1,1,0,0,0,0,0,0,0,0,0,0,0,0,0,0,0,0,0,0,"Western"
"55","Issaquah",40659,2392,168,2147,77,149,7,131,11,1,1,0,0,0,0,0,7,11,5,2,1,3,0,0,2,1,110,5,437,1,0,523,141,2,0,0,0,380,0,992,0,3,302,127,0,328,41,191,62,6,8,0,64,29,35,0,0,0,0,0,1,0,0,0,0,12,40738,2494,130,2337,27,125,3,111,11,0,0,0,0,0,0,0,0,5,4,0,0,1,0,0,2,1,151,2,481,0,0,148,136,0,0,0,0,12,0,1397,5,1,331,137,0,510,214,199,138,9,8,0,22,11,11,0,0,0,0,0,1,0,0,0,0,4,38917,2463,130,2292,41,123,5,104,14,0,0,0,0,0,0,0,0,7,2,0,0,5,0,0,1,0,133,3,455,2,0,98,82,0,0,0,0,16,0,1441,1,4,575,135,1,377,179,169,139,12,8,0,38,25,13,0,0,0,0,0,0,0,0,0,0,3,"Western"
"56","Kalama",2852,112,16,78,18,16,2,9,5,0,0,0,0,0,0,0,0,0,0,0,0,0,0,0,0,0,8,5,11,0,0,8,2,1,0,0,0,5,0,33,0,0,3,5,0,9,1,15,6,0,7,0,15,14,1,0,0,0,0,0,0,0,0,0,0,3,2898,170,20,140,10,20,0,9,11,0,0,0,0,0,0,0,0,0,0,0,0,0,0,0,1,0,10,0,35,0,0,16,2,8,3,0,1,2,0,66,0,0,2,3,0,31,5,25,9,0,3,0,4,4,0,0,0,0,0,0,0,0,0,0,0,6,3061,200,41,153,6,40,4,27,9,0,0,0,0,0,0,0,0,1,0,0,0,1,0,0,1,0,21,0,41,0,0,12,2,2,5,0,0,3,0,64,0,0,0,0,0,21,1,42,10,0,4,0,2,1,1,0,0,0,0,0,0,0,0,0,0,4,"Western"
"57","Kelso",12476,1062,232,715,115,205,17,156,32,2,2,0,0,0,0,0,0,25,19,0,0,5,1,0,5,0,55,18,193,0,1,53,16,17,11,0,0,9,0,334,0,0,115,27,1,86,8,97,45,5,6,0,94,83,11,0,0,0,0,0,1,0,0,0,0,20,12493,1035,217,742,76,195,18,148,29,1,1,0,0,0,0,0,3,18,9,0,0,9,0,0,6,0,54,9,173,0,1,55,16,26,8,0,3,2,0,356,3,0,105,15,0,117,8,108,57,14,17,0,46,42,4,0,0,0,0,0,0,0,0,0,0,30,12723,1367,330,970,67,314,31,223,60,2,2,0,0,0,0,0,1,13,9,0,0,4,0,0,6,0,123,20,258,0,1,54,18,23,9,0,1,3,0,410,2,0,110,26,1,96,14,161,66,10,22,0,31,29,2,0,0,0,0,0,2,0,0,0,0,34,"Western"
"58","Kenmore",23397,757,74,671,12,68,4,48,16,0,0,0,0,0,0,0,0,6,3,0,0,3,0,0,6,0,43,3,84,0,1,268,13,8,0,0,3,244,0,229,0,0,11,14,1,85,21,97,32,1,4,0,11,10,1,0,0,0,0,0,0,0,0,0,0,1,23326,467,83,378,6,78,10,49,19,1,1,0,0,0,0,0,0,4,2,0,0,2,0,0,3,0,36,3,52,1,2,39,8,8,0,0,2,21,0,207,0,0,9,20,0,71,32,75,28,5,2,1,2,2,0,0,0,0,0,0,0,0,0,0,0,3,23107,526,69,450,7,63,8,38,17,0,0,0,0,0,0,0,0,6,4,0,0,2,0,0,4,0,54,2,82,0,3,48,19,11,1,1,3,13,0,206,0,3,6,14,1,59,56,67,46,2,3,1,2,2,0,0,0,0,0,0,2,0,0,0,0,2,"Western"
"59","Kennewick",85526,6563,1004,5021,538,855,130,593,132,1,1,0,0,0,0,0,13,135,35,3,0,94,0,3,19,0,500,70,1119,5,1,811,530,111,1,0,6,160,3,2147,0,0,475,4,0,736,19,913,224,47,78,9,372,307,65,0,0,0,0,0,24,6,5,1,0,127,85595,6306,1183,4720,403,1014,167,719,128,5,5,0,0,0,0,0,12,152,36,11,2,100,0,3,30,0,501,84,900,0,4,476,281,98,1,2,12,82,0,2318,2,0,363,5,0,738,138,1072,278,62,67,3,286,217,69,4,0,4,0,0,22,3,3,0,0,85,85058,7986,1493,6121,372,1290,271,838,181,8,8,0,0,4,4,0,26,165,54,12,2,91,0,6,18,0,501,81,1232,4,9,466,277,68,4,0,21,95,1,2867,3,0,399,11,2,862,337,1253,752,62,129,4,211,194,17,0,0,0,0,0,16,3,2,1,0,138,"Eastern"
"60","Kent",133883,11795,2044,9259,492,1810,207,1317,286,8,8,0,0,19,16,3,35,172,73,3,2,74,1,19,15,0,860,98,2132,10,12,1113,74,64,966,0,8,1,0,3652,9,22,422,444,5,1491,209,1050,967,185,215,0,222,219,3,0,0,0,0,0,33,110,21,18,71,127,131899,12355,2114,10014,227,1880,238,1286,356,12,12,0,0,7,5,2,29,186,84,8,0,70,0,24,29,0,1031,68,2534,12,4,371,52,63,248,0,8,0,0,4102,5,22,418,357,4,1520,637,1139,1501,191,171,0,89,89,0,0,0,0,0,0,15,46,9,8,29,77,133066,14592,2498,11846,248,2283,326,1596,361,9,9,0,0,6,4,2,31,169,66,5,2,67,0,29,24,0,1455,52,3085,8,4,472,66,108,271,16,11,0,0,4320,13,17,730,558,2,1294,643,1063,2033,209,184,0,96,95,1,0,0,0,0,0,16,12,6,5,1,124,"Western"
"61","Kettle Falls",1641,63,15,42,6,13,2,11,0,0,0,0,0,0,0,0,0,2,2,0,0,0,0,0,0,0,6,0,9,0,0,4,0,2,0,0,2,0,0,20,0,0,3,0,0,10,1,6,2,0,1,1,4,4,0,0,0,0,0,0,0,0,0,0,0,1,1647,56,13,38,5,11,2,8,1,0,0,0,0,0,0,0,0,2,2,0,0,0,0,0,0,0,10,2,3,0,0,0,0,0,0,0,0,0,0,18,0,0,1,0,0,4,0,13,3,0,2,0,3,3,0,0,0,0,0,0,0,0,0,0,0,2,1665,63,18,41,4,17,5,11,1,0,0,0,0,0,0,0,0,1,1,0,0,0,0,0,0,0,1,0,9,0,0,2,1,1,0,0,0,0,0,22,0,0,5,0,0,5,5,7,3,1,3,0,4,4,0,0,0,0,0,0,0,0,0,0,0,0,"Eastern"
"62","Kirkland",94470,4743,485,4119,139,451,66,299,86,1,1,0,0,0,0,0,4,29,16,9,0,3,0,1,8,0,178,55,660,3,12,1236,7,83,30,0,0,1108,8,1700,4,2,155,41,0,545,83,870,167,19,81,3,108,61,47,0,0,0,0,0,0,0,0,0,0,28,97027,4057,467,3407,183,424,33,311,80,0,0,0,0,0,0,0,2,41,16,9,0,13,2,1,4,0,224,46,785,3,5,325,2,64,42,0,11,195,11,1732,11,9,189,63,0,579,207,674,207,23,53,4,138,100,38,0,0,0,0,0,5,0,0,0,0,36,91464,4490,473,3658,359,445,59,290,96,0,0,0,0,0,0,0,5,23,14,5,0,3,0,1,4,0,241,61,850,7,22,397,9,92,51,0,38,201,6,1741,8,2,340,70,0,457,310,554,242,28,65,2,291,165,126,0,0,0,0,0,14,2,0,2,0,50,"Western"
"63","La Center",3459,172,40,96,36,37,3,21,13,0,0,0,0,0,0,0,0,3,3,0,0,0,0,0,0,0,9,2,6,0,0,15,0,0,4,0,0,11,0,52,0,0,2,5,0,24,5,16,9,0,3,0,33,21,12,1,1,0,0,0,0,0,0,0,0,2,3674,135,9,120,6,8,1,5,2,0,0,0,0,0,0,0,0,1,0,0,0,1,0,0,1,0,9,0,11,0,0,5,0,0,2,0,0,3,0,70,0,0,3,3,0,37,8,19,20,1,3,0,4,4,0,0,0,0,0,0,1,0,0,0,0,1,4142,159,34,124,1,34,7,19,8,0,0,0,0,0,0,0,0,0,0,0,0,0,0,0,0,0,13,4,36,0,0,8,0,0,0,0,0,8,0,56,0,0,1,9,0,27,3,16,2,0,5,0,0,0,0,0,0,0,0,0,0,0,0,0,0,1,"Western"
"64","Lacey",53826,2550,444,2018,88,381,50,247,84,0,0,0,0,0,0,0,10,53,12,1,0,39,0,1,7,0,150,31,316,0,1,231,132,29,69,0,1,0,0,1111,0,0,395,16,0,279,16,405,127,21,23,0,69,64,5,0,0,0,0,0,2,0,0,0,0,17,55484,2925,531,2360,34,460,57,298,105,0,0,0,0,0,0,0,9,62,22,2,0,37,0,1,9,0,155,11,470,0,6,214,185,20,9,0,0,0,0,1234,1,2,242,16,0,359,87,527,206,33,22,0,12,12,0,0,0,0,0,0,3,0,0,0,0,19,55101,3339,513,2785,41,452,73,298,81,3,2,1,0,0,0,0,13,45,15,1,0,28,0,1,10,0,256,15,512,0,3,244,196,28,17,0,3,0,0,1387,1,3,195,20,1,467,91,609,281,32,45,0,13,12,1,0,0,0,0,0,5,0,0,0,0,23,"Western"
"65","Lake Forest Park",13604,547,1,496,50,1,0,1,0,0,0,0,0,0,0,0,0,0,0,0,0,0,0,0,0,0,40,1,78,1,0,9,9,0,0,0,0,0,0,334,0,0,39,9,0,0,62,224,24,0,9,0,46,20,26,0,0,0,0,0,2,0,0,0,0,2,13514,317,21,281,15,19,1,13,5,0,0,0,0,0,0,0,0,2,1,0,0,1,0,0,0,0,26,2,75,0,0,10,7,1,2,0,0,0,0,141,2,0,28,6,0,0,45,60,26,0,1,1,10,6,4,0,0,0,0,0,0,0,0,0,0,4,13096,449,48,391,10,45,8,25,12,0,0,0,0,0,0,0,0,3,3,0,0,0,0,0,2,0,30,4,94,0,0,8,8,0,0,0,0,0,0,213,0,0,71,4,0,1,61,76,31,2,7,0,5,5,0,0,0,0,0,0,0,0,0,0,0,5,"Western"
"66","Lake Stevens",34600,1183,188,807,188,165,33,121,11,0,0,0,0,0,0,0,2,21,10,1,0,10,0,0,2,0,60,20,103,0,0,251,4,2,5,0,0,236,4,288,0,1,44,31,0,55,8,149,37,12,34,1,167,72,95,0,0,0,0,0,3,0,0,0,0,17,35500,750,180,475,95,158,23,110,25,1,1,0,0,0,0,0,3,18,9,0,0,6,0,3,2,0,38,8,101,1,2,55,1,6,10,0,0,38,0,192,1,1,20,21,0,36,11,102,40,3,33,2,80,47,33,0,0,0,0,0,0,0,0,0,0,13,36828,958,219,647,92,190,39,132,19,1,0,1,0,0,0,0,6,22,10,3,0,6,0,3,2,0,54,11,124,1,3,62,5,7,13,0,0,36,1,293,0,3,61,26,0,40,29,134,57,10,30,1,70,69,1,0,0,0,0,0,3,0,0,0,0,18,"Western"
"67","Lakewood",61432,6093,1243,4408,442,1131,285,832,14,4,4,0,0,4,0,4,24,80,28,2,2,44,0,4,8,0,444,40,1160,0,11,355,64,89,11,1,15,169,6,1786,1,13,280,36,2,644,97,713,441,73,90,0,314,254,60,0,0,0,0,0,5,22,20,2,0,101,61325,6407,1388,4788,231,1286,327,951,8,6,6,0,0,1,0,1,18,77,25,2,2,45,0,3,20,0,435,41,1243,0,8,228,46,71,5,0,12,87,7,1975,3,15,243,26,1,677,159,851,621,107,110,4,89,70,19,0,0,0,0,0,3,9,7,2,0,126,63044,6743,1334,5219,190,1241,391,843,7,4,4,0,0,0,0,0,13,76,30,1,3,37,0,5,17,0,459,49,1221,1,7,329,72,110,9,0,15,119,4,1847,5,14,229,31,6,557,166,839,980,112,197,7,46,43,3,0,0,0,0,0,4,6,5,1,0,127,"Western"
"68","Liberty Lake",11410,266,55,173,38,49,10,25,14,0,0,0,0,0,0,0,1,5,3,0,0,1,0,1,0,0,8,3,44,2,0,8,5,0,0,0,0,2,1,105,0,0,79,3,0,2,6,15,2,1,0,1,34,18,16,0,0,0,0,0,0,0,0,0,0,3,11905,605,99,476,30,92,9,60,23,0,0,0,0,0,0,0,1,6,3,0,0,3,0,0,1,0,51,11,98,2,2,91,39,20,10,0,0,19,3,193,0,0,33,23,0,94,8,35,17,3,7,1,25,14,11,0,0,0,0,0,1,0,0,0,0,3,12897,572,109,443,20,97,18,54,25,0,0,0,0,0,0,0,5,7,4,0,1,1,0,1,0,0,22,6,87,1,3,73,29,16,6,1,0,14,7,208,0,0,56,14,0,63,22,53,26,3,14,1,13,8,5,0,0,0,0,0,2,0,0,0,0,4,"Eastern"
"69","Long Beach",1508,43,23,16,4,22,5,17,0,0,0,0,0,0,0,0,0,1,0,0,0,0,1,0,0,0,6,0,1,1,0,0,0,0,0,0,0,0,0,8,0,0,2,1,0,1,0,4,0,0,0,0,3,3,0,0,0,0,0,0,0,0,0,0,0,1,1534,60,18,41,1,18,0,18,0,0,0,0,0,0,0,0,0,0,0,0,0,0,0,0,0,0,4,0,23,0,0,0,0,0,0,0,0,0,0,12,0,0,3,2,0,6,0,1,2,0,0,0,1,1,0,0,0,0,0,0,0,0,0,0,0,0,1752,68,29,37,2,23,5,18,0,0,0,0,0,0,0,0,0,6,6,0,0,0,0,0,0,0,7,0,7,0,0,0,0,0,0,0,0,0,0,20,1,0,3,2,0,7,1,6,3,0,0,0,0,0,0,0,0,0,0,0,0,0,0,0,0,2,"Western"
"70","Longview",38629,2982,644,1953,385,591,54,452,85,0,0,0,0,1,1,0,4,48,23,2,0,23,0,0,8,0,213,32,344,1,0,265,60,36,123,0,0,46,0,908,2,0,280,20,2,164,14,426,135,20,27,0,326,321,5,0,0,0,0,0,4,3,3,0,0,52,38693,2752,639,1891,222,560,75,409,76,4,3,0,1,0,0,0,13,62,28,2,0,30,2,0,14,0,165,27,378,0,1,122,36,32,38,0,1,15,0,924,1,0,204,13,1,214,23,468,181,19,60,0,157,153,4,0,0,0,0,0,3,0,0,0,0,62,37768,3380,690,2512,178,647,73,441,133,0,0,0,0,0,0,0,9,34,26,0,0,7,1,0,10,0,286,39,401,1,1,139,60,37,28,0,2,12,0,1250,1,0,129,29,0,303,30,758,225,36,124,0,106,104,2,0,0,0,0,0,7,0,0,0,0,65,"Western"
"71","Lynden",15625,595,91,483,21,73,11,38,24,0,0,0,0,0,0,0,2,16,9,1,0,5,0,1,0,0,36,12,92,0,0,93,0,86,4,0,0,1,2,222,0,0,27,0,0,0,0,195,14,1,13,0,13,9,4,0,0,0,0,0,2,0,0,0,0,6,15791,493,120,353,20,106,13,54,39,0,0,0,0,0,0,0,0,14,6,0,0,7,0,1,1,0,28,9,54,0,2,30,0,27,2,0,0,1,0,212,1,0,19,1,0,0,0,191,9,1,7,0,13,10,3,0,0,0,0,0,1,0,0,0,0,6,16275,642,105,522,15,97,9,65,23,0,0,0,0,0,0,0,1,7,7,0,0,0,0,0,2,0,29,17,97,0,4,24,0,18,4,0,0,0,2,326,4,0,59,0,0,1,0,262,13,2,8,0,9,9,0,0,0,0,0,0,1,0,0,0,0,5,"Western"
"72","Maple Valley",27736,931,60,851,20,45,9,28,8,1,1,0,0,0,0,0,1,13,4,0,0,9,0,0,4,0,85,5,94,0,2,370,26,5,0,0,1,338,0,252,0,1,39,15,2,107,21,67,33,2,4,0,17,14,3,0,0,0,0,0,1,0,0,0,0,2,28065,716,106,595,15,96,10,59,27,0,0,0,0,0,0,0,0,10,9,0,0,1,0,0,5,0,61,6,96,0,0,67,15,11,1,0,3,37,0,308,0,0,50,16,0,130,46,66,43,9,0,0,11,11,0,0,0,0,0,0,3,0,0,0,0,1,28175,742,79,658,5,73,15,40,18,0,0,0,0,0,0,0,0,6,5,0,0,1,0,0,2,0,85,0,71,0,3,66,21,14,1,1,5,24,0,339,2,2,58,18,0,88,66,105,77,11,4,0,4,4,0,0,0,0,0,0,0,0,0,0,0,1,"Western"
"73","Marysville",71522,3165,578,1799,788,520,46,408,66,3,2,1,0,0,0,0,11,44,21,3,0,18,0,2,9,0,182,65,303,2,4,228,9,11,14,0,0,191,3,761,0,8,259,46,0,166,25,257,146,25,74,7,748,248,500,0,0,0,0,0,1,1,0,1,0,31,72620,3046,650,1753,643,584,76,421,87,1,1,0,0,0,0,0,8,57,28,3,0,26,0,0,12,0,211,53,361,3,1,113,4,12,15,0,0,80,2,740,0,6,169,36,2,149,63,315,191,18,50,8,582,171,411,0,0,0,0,0,3,0,0,0,0,50,71395,3486,787,2033,666,717,107,546,64,0,0,0,0,0,0,0,4,66,32,6,0,21,0,7,7,0,179,44,404,3,4,112,11,14,21,0,0,65,1,965,2,14,356,59,1,127,78,328,221,36,58,5,609,173,436,0,0,0,0,0,4,2,0,0,2,46,"Western"
"74","Medina",3324,134,2,131,1,2,0,1,1,0,0,0,0,0,0,0,0,0,0,0,0,0,0,0,0,0,15,1,28,1,0,22,0,0,2,0,0,20,0,59,0,0,0,3,0,21,0,35,1,1,3,0,1,1,0,0,0,0,0,0,0,0,0,0,0,0,3343,100,4,95,1,4,1,3,0,0,0,0,0,0,0,0,0,0,0,0,0,0,0,0,0,0,13,0,24,0,0,13,0,0,0,0,0,13,0,42,0,0,0,5,0,11,1,25,3,0,0,0,1,1,0,0,0,0,0,0,0,0,0,0,0,0,2849,79,4,72,3,4,1,2,1,0,0,0,0,0,0,0,0,0,0,0,0,0,0,0,0,0,8,1,14,0,0,15,0,0,0,0,0,15,0,26,0,0,0,5,0,4,0,17,7,0,1,0,1,1,0,0,0,0,0,0,0,0,0,0,0,2,"Western"
"75","Mercer Island",26268,769,32,724,13,29,1,23,5,0,0,0,0,0,0,0,0,3,1,0,0,1,0,1,0,0,65,12,179,0,3,105,7,19,14,0,4,60,1,340,0,0,18,21,0,140,9,152,13,2,5,1,8,6,2,0,0,0,0,0,3,0,0,0,0,1,26251,860,50,801,9,48,4,36,8,0,0,0,0,0,0,0,0,2,1,0,0,1,0,0,2,0,61,7,212,1,4,87,8,14,12,0,3,50,0,374,0,0,22,14,0,158,34,146,33,3,17,0,6,3,3,0,0,0,0,0,1,0,0,0,0,2,25121,881,61,804,16,54,15,33,6,2,2,0,0,0,0,0,1,4,1,2,0,1,0,0,0,0,58,7,227,2,1,83,0,12,15,0,0,56,0,360,0,1,33,14,0,122,57,133,44,5,17,0,11,11,0,0,0,0,0,0,0,0,0,0,0,5,"Western"
"76","Mill Creek",21214,808,100,655,53,90,22,55,13,0,0,0,0,0,0,0,2,8,5,1,0,2,0,0,1,0,40,8,62,0,0,178,0,3,2,0,0,172,1,298,0,1,44,26,0,89,15,123,38,8,22,1,48,21,27,0,0,0,0,0,2,0,0,0,0,2,21076,849,97,727,25,90,13,51,26,0,0,0,0,0,0,0,0,7,5,1,0,1,0,0,0,0,56,9,152,0,0,64,0,9,3,0,0,52,0,380,0,1,38,40,0,117,36,148,49,6,11,1,20,9,11,0,0,0,0,0,0,0,0,0,0,4,20925,1012,110,864,38,105,23,70,12,1,1,0,0,0,0,0,1,3,0,3,0,0,0,0,3,0,65,14,172,0,3,56,2,8,5,0,0,41,0,452,0,1,124,39,0,75,33,180,63,9,27,0,24,13,11,0,0,0,0,0,2,0,0,0,0,12,"Western"
"77","Milton",8413,504,57,359,88,54,17,36,1,0,0,0,0,0,0,0,0,3,2,0,0,1,0,0,3,0,38,2,55,0,1,23,5,4,2,0,2,10,0,165,1,1,20,7,0,71,9,56,46,4,22,0,74,48,26,0,0,0,0,0,0,0,0,0,0,14,8325,520,59,416,45,54,16,38,0,0,0,0,0,0,0,0,0,5,1,0,0,4,0,0,0,0,50,2,89,0,2,22,6,6,0,0,1,8,1,172,1,0,22,6,0,68,24,51,61,6,12,0,30,25,5,0,0,0,0,0,0,0,0,0,0,15,9113,712,80,586,46,77,22,55,0,0,0,0,0,0,0,0,1,2,1,0,0,1,0,0,0,0,48,2,111,0,1,26,7,4,2,0,1,11,1,229,0,1,41,5,0,66,29,87,103,17,49,1,20,17,3,0,0,0,0,0,0,0,0,0,0,25,"Western"
"78","Monroe",20065,1184,136,806,242,123,25,84,14,0,0,0,0,0,0,0,1,12,4,0,0,7,0,1,3,0,43,15,166,2,1,126,5,5,92,0,0,24,0,380,6,4,159,11,0,59,26,115,27,5,38,3,225,65,160,0,0,0,0,0,3,0,0,0,0,11,21047,918,145,680,93,133,36,76,21,0,0,0,0,0,0,0,1,11,3,0,0,8,0,0,6,0,42,7,146,1,1,41,6,4,6,0,0,25,0,389,3,4,167,13,0,35,39,128,25,5,17,2,77,32,45,0,0,0,0,0,3,2,1,1,0,9,20309,1196,183,952,61,153,33,102,18,0,0,0,0,0,0,0,5,25,5,4,1,14,0,1,4,0,60,10,300,0,2,42,5,1,5,0,0,28,3,469,13,7,160,31,0,30,62,166,40,11,14,4,45,25,20,0,0,0,0,0,1,1,0,0,1,10,"Western"
"79","Montesano",4059,126,36,81,9,31,5,23,3,0,0,0,0,0,0,0,0,5,1,0,1,3,0,0,0,0,4,4,19,0,0,13,1,2,1,0,0,9,0,40,0,0,10,7,1,5,4,13,1,0,0,0,6,3,3,0,0,0,0,0,1,0,0,0,0,2,4083,113,39,68,6,36,4,28,4,0,0,0,0,0,0,0,0,3,1,0,0,2,0,0,0,0,8,2,15,0,1,3,2,1,0,0,0,0,0,33,0,0,13,2,1,7,3,7,5,0,1,0,4,2,2,0,0,0,0,0,0,0,0,0,0,2,4196,104,22,76,6,19,1,17,1,0,0,0,0,0,0,0,0,3,0,0,0,3,0,0,0,0,8,3,15,0,0,3,2,1,0,0,0,0,0,44,0,1,14,3,0,11,1,14,1,0,2,0,3,3,0,0,0,0,0,0,1,0,0,0,0,2,"Western"
"80","Mountlake Terrace",21504,1386,190,1068,128,177,20,115,42,0,0,0,0,1,0,1,5,7,5,0,0,0,0,2,4,0,91,11,233,0,3,239,6,30,30,0,2,170,1,388,1,0,26,25,0,136,36,164,67,10,22,2,113,46,67,0,0,0,0,0,0,1,1,0,0,12,21462,1492,213,1185,94,201,23,128,50,0,0,0,0,0,0,0,4,8,3,1,0,4,0,0,2,0,80,7,333,0,4,109,1,18,32,0,1,54,3,512,0,0,33,26,0,159,90,204,87,6,45,2,75,46,29,0,0,0,0,0,2,0,0,0,0,15,21589,1509,251,1182,76,237,18,145,74,1,1,0,0,0,0,0,2,11,5,1,0,5,0,0,4,0,88,6,370,1,7,87,2,10,20,0,0,53,2,464,0,1,47,13,0,119,97,187,108,9,38,1,52,45,7,0,0,0,0,0,2,2,1,0,1,19,"Western"
"81","Mount Vernon",36513,2660,415,1676,569,399,48,291,60,1,1,0,0,0,0,0,6,9,9,0,0,0,0,0,3,0,134,23,441,0,0,58,1,4,45,0,2,6,0,876,0,8,378,23,0,218,20,229,110,13,18,1,490,310,180,0,0,0,0,0,1,1,1,0,0,76,36830,2262,364,1636,262,344,45,245,54,0,0,0,0,0,0,0,2,18,14,1,0,3,0,0,16,0,133,20,463,0,0,55,3,6,27,0,4,14,1,749,0,3,229,16,0,228,45,228,165,15,20,0,184,110,74,0,0,0,0,0,1,1,0,0,1,76,35511,2418,373,1701,344,345,66,232,47,1,1,0,0,0,0,0,13,14,9,0,0,5,0,0,15,0,160,31,425,0,1,79,5,18,35,0,5,13,3,782,0,5,306,19,4,164,104,180,156,20,32,0,195,128,67,0,0,0,0,0,1,3,0,2,1,145,"Western"
"82","Moxee",4177,121,37,67,17,30,3,19,8,0,0,0,0,0,0,0,0,7,1,1,0,4,1,0,0,0,5,1,17,1,0,16,15,0,0,0,0,1,0,17,0,0,0,1,0,4,0,12,7,1,2,0,9,7,2,0,0,0,0,0,2,0,0,0,0,6,4499,112,24,74,14,22,0,15,7,0,0,0,0,0,0,0,0,2,0,0,0,2,0,0,0,0,4,1,19,0,0,11,10,1,0,0,0,0,0,30,0,3,0,0,0,13,0,14,7,0,2,0,11,8,3,0,0,0,0,0,1,0,0,0,0,2,4408,101,29,64,8,26,9,10,7,1,1,0,0,0,0,0,0,2,1,0,0,1,0,0,0,0,7,1,18,0,0,7,7,0,0,0,0,0,0,24,0,0,0,1,0,8,0,15,7,0,0,0,4,3,1,0,0,0,0,0,0,0,0,0,0,4,"Eastern"
"83","Mukilteo",21573,1111,129,924,58,123,21,88,14,0,0,0,0,0,0,0,0,6,3,0,0,2,0,1,1,0,57,9,201,1,0,246,5,4,5,0,0,232,0,363,0,0,31,18,2,127,20,165,34,6,6,1,51,23,28,0,0,0,0,0,1,0,0,0,0,5,21461,1181,140,1005,36,134,40,78,16,0,0,0,0,0,0,0,0,6,5,0,0,1,0,0,1,0,74,9,298,0,1,41,1,2,3,0,0,33,2,524,1,2,39,43,0,152,42,245,30,3,24,1,23,12,11,0,0,0,0,0,0,0,0,0,0,12,21009,1234,164,993,77,157,18,106,33,0,0,0,0,0,0,0,1,6,3,1,0,2,0,0,1,1,85,13,266,1,4,82,1,5,10,0,0,64,2,473,3,0,47,37,0,102,46,238,47,4,16,1,62,53,9,0,0,0,0,0,0,0,0,0,0,14,"Western"
"84","Newcastle",12523,471,20,449,2,17,4,7,6,0,0,0,0,0,0,0,0,3,1,0,0,2,0,0,0,0,28,3,37,0,0,193,13,2,0,0,3,175,0,165,1,0,4,10,0,85,12,53,19,3,1,0,0,0,0,0,0,0,0,0,0,0,0,0,0,2,13188,365,26,337,2,24,7,14,3,0,0,0,0,0,0,0,0,2,2,0,0,0,0,0,1,0,34,1,46,0,1,25,6,4,0,0,0,15,0,191,0,1,7,3,0,112,31,37,36,1,1,0,1,1,0,0,0,0,0,0,0,0,0,0,0,1,12782,450,47,400,3,44,6,23,15,0,0,0,0,0,0,0,0,3,2,0,0,1,0,0,1,0,52,4,52,0,0,30,14,4,0,0,3,9,0,194,0,1,1,17,0,72,42,61,61,3,3,0,1,1,0,0,0,0,0,0,2,0,0,0,0,0,"Western"
"85","Newport",2205,66,8,51,7,8,1,7,0,0,0,0,0,0,0,0,0,0,0,0,0,0,0,0,0,0,3,1,13,0,0,4,2,0,0,0,0,2,0,24,0,0,12,5,0,2,2,3,5,0,1,0,5,5,0,0,0,0,0,0,0,0,0,0,0,2,2278,78,30,45,3,29,1,27,1,0,0,0,0,0,0,0,0,1,1,0,0,0,0,0,0,0,3,0,14,0,0,1,0,1,0,0,0,0,0,25,0,0,6,1,0,6,2,10,2,0,0,0,2,2,0,0,0,0,0,0,0,0,0,0,0,1,2182,92,28,54,10,26,3,20,3,1,1,0,0,0,0,0,0,1,0,0,0,1,0,0,1,0,4,1,11,0,0,1,1,0,0,0,0,0,0,31,0,0,6,5,0,2,0,18,3,0,2,0,4,4,0,0,0,0,0,0,0,0,0,0,0,6,"Western"
"86","Normandy Park",6633,276,17,239,20,17,1,13,3,0,0,0,0,0,0,0,0,0,0,0,0,0,0,0,0,0,20,5,38,1,0,38,11,3,4,0,0,20,0,118,2,2,13,11,0,31,8,51,14,2,3,0,16,6,10,0,0,0,0,0,0,0,0,0,0,4,6587,266,21,228,17,21,5,12,4,0,0,0,0,0,0,0,0,0,0,0,0,0,0,0,0,0,15,0,61,1,0,13,1,0,3,0,0,8,1,96,2,0,7,1,0,28,14,44,20,1,21,0,13,5,8,0,0,0,0,0,0,0,0,0,0,4,6519,277,18,254,5,16,3,10,3,0,0,0,0,0,0,0,0,2,0,1,0,1,0,0,0,0,26,2,65,0,0,17,4,1,0,0,0,12,0,114,1,0,12,4,0,27,8,62,16,2,12,0,1,0,1,0,0,0,0,0,0,0,0,0,0,4,"Western"
"87","North Bend",7620,510,30,396,84,29,1,23,5,0,0,0,0,0,0,0,0,1,1,0,0,0,0,0,1,1,24,7,58,1,0,108,107,0,0,0,0,0,1,170,1,0,90,14,0,31,4,30,13,3,10,0,73,16,57,0,0,0,0,0,0,0,0,0,0,11,7790,504,42,426,36,39,0,37,2,0,0,0,0,0,0,0,2,1,0,0,0,1,0,0,0,0,26,5,71,1,0,22,22,0,0,0,0,0,0,272,0,1,134,15,0,59,17,46,19,2,8,0,25,5,20,0,0,0,0,0,0,1,1,0,0,10,7889,573,48,499,26,46,4,38,4,0,0,0,0,0,0,0,1,1,1,0,0,0,0,0,0,3,40,2,97,0,0,28,28,0,0,0,0,0,0,283,2,0,120,16,0,63,19,63,30,2,14,1,7,4,3,0,0,0,0,0,0,0,0,0,0,18,"Western"
"88","Oak Harbor",23721,322,146,148,28,141,22,117,2,0,0,0,0,0,0,0,2,3,2,0,0,1,0,0,0,0,17,1,34,0,0,8,7,0,1,0,0,0,0,75,0,0,12,0,0,3,1,59,10,1,2,0,15,15,0,0,0,0,0,0,1,0,0,0,0,12,23792,374,101,260,13,95,7,79,9,0,0,0,0,0,0,0,1,5,5,0,0,0,0,0,0,0,18,0,67,0,0,20,18,0,0,0,0,2,0,132,0,0,2,0,0,3,0,127,23,0,0,0,0,0,0,0,0,0,0,0,1,0,0,0,0,12,24858,494,165,320,9,158,9,138,11,0,0,0,0,0,0,0,3,4,4,0,0,0,0,0,0,0,31,1,79,1,0,9,8,0,0,0,0,1,0,155,0,0,2,1,0,0,0,152,36,2,6,0,2,2,0,0,0,0,0,0,0,0,0,0,0,7,"Western"
"89","Oakville",692,45,18,21,6,16,0,12,4,0,0,0,0,0,0,0,0,2,1,0,0,1,0,0,0,0,6,0,5,0,0,0,0,0,0,0,0,0,0,9,0,0,1,0,0,3,1,4,1,0,0,0,3,3,0,0,0,0,0,0,0,0,0,0,0,3,698,21,6,14,1,4,1,3,0,0,0,0,0,0,0,0,0,2,0,0,0,2,0,0,0,0,4,0,4,0,0,0,0,0,0,0,0,0,0,6,0,0,0,0,0,3,0,3,0,0,0,0,0,0,0,0,0,0,0,0,0,0,0,0,0,1,733,66,14,48,4,12,2,10,0,0,0,0,0,0,0,0,1,1,0,0,0,1,0,0,0,0,3,1,6,0,0,2,1,0,1,0,0,0,0,28,0,0,6,0,0,12,2,8,7,0,1,0,1,1,0,0,0,0,0,0,1,0,0,0,0,2,"Western"
"90","Olympia",53571,4193,898,3049,246,825,178,500,147,1,1,0,0,0,0,0,11,61,22,1,1,36,0,1,12,0,275,37,694,1,1,399,96,58,245,0,0,0,0,1312,0,1,207,9,2,479,30,584,203,69,46,0,212,167,45,0,0,0,0,0,14,0,0,0,0,20,54322,4209,834,3280,95,753,141,472,140,1,1,0,0,0,0,0,16,64,32,1,0,30,0,1,8,0,312,50,819,1,0,159,83,34,38,0,4,0,0,1549,0,0,143,19,0,518,179,690,282,71,29,0,59,45,14,0,0,0,0,0,3,0,0,0,0,33,56214,4654,860,3567,227,778,178,443,157,2,2,0,0,0,0,0,17,63,28,0,3,28,0,4,12,0,344,34,813,1,0,136,54,20,57,0,5,0,0,1718,1,5,246,27,1,568,250,620,364,84,61,0,180,178,2,0,0,0,0,0,4,0,0,0,0,43,"Western"
"91","Orting",8848,349,58,252,39,51,7,42,2,0,0,0,0,0,0,0,1,6,1,0,0,5,0,0,2,0,18,0,44,0,2,45,8,3,3,0,3,28,0,117,0,1,20,6,0,48,2,40,16,1,7,0,32,24,8,0,0,0,0,0,2,0,0,0,0,5,8866,282,82,183,17,72,13,54,5,0,0,0,0,0,0,0,0,10,4,0,0,5,0,1,5,0,13,3,50,0,1,16,2,4,2,0,1,7,0,76,0,0,11,4,0,25,13,23,15,0,4,1,8,6,2,0,0,0,0,0,0,0,0,0,0,8,8877,283,74,192,17,68,14,53,1,0,0,0,0,0,0,0,2,4,0,0,0,4,0,0,2,0,19,1,39,0,2,25,7,5,1,0,0,12,0,81,0,0,10,5,0,27,5,34,16,1,6,2,10,9,1,0,0,0,0,0,0,0,0,0,0,5,"Western"
"92","Othello",8509,484,69,368,47,66,13,48,5,0,0,0,0,0,0,0,0,3,1,0,0,2,0,0,0,0,21,4,207,0,0,12,0,12,0,0,0,0,0,96,0,1,6,3,0,16,0,70,25,2,1,0,40,35,5,0,0,0,0,0,0,0,0,0,0,7,8572,617,114,466,37,98,4,80,14,1,1,0,0,0,0,0,1,14,2,0,0,10,0,2,0,0,18,4,337,0,0,14,0,12,2,0,0,0,0,75,0,0,3,1,0,2,1,68,16,2,0,0,24,24,0,0,0,0,0,0,1,3,3,0,0,9,8876,808,147,603,58,131,5,106,20,0,0,0,0,0,0,0,1,15,7,0,0,8,0,0,1,0,24,6,314,0,0,16,0,15,1,0,0,0,0,195,0,0,22,3,1,51,23,95,42,1,4,0,28,25,3,0,0,0,0,0,3,16,16,0,0,11,"Eastern"
"93","Pacific",7243,273,51,215,7,44,4,40,0,1,1,0,0,0,0,0,1,5,4,0,0,1,0,0,0,0,14,6,31,0,0,5,1,2,0,0,2,0,0,112,0,0,5,1,0,59,12,35,43,1,3,0,5,4,1,0,0,0,0,0,1,0,0,0,0,1,7225,319,62,255,2,58,2,55,1,0,0,0,0,0,0,0,0,4,4,0,0,0,0,0,0,0,47,3,29,1,1,7,2,2,0,0,0,3,0,118,0,0,2,5,0,58,37,16,39,2,8,0,1,0,1,0,0,0,0,0,0,0,0,0,0,1,6966,392,56,311,25,54,9,42,3,0,0,0,0,0,0,0,0,2,2,0,0,0,0,0,1,0,52,1,77,1,1,11,3,1,5,0,0,2,0,104,0,0,7,3,0,34,33,27,52,5,6,0,21,12,9,0,0,0,0,0,0,0,0,0,0,4,"Western"
"94","Pasco",76970,3914,750,2727,437,636,100,453,83,4,3,0,1,0,0,0,17,93,24,2,0,65,0,2,21,0,229,35,640,0,6,521,196,44,0,0,3,276,2,1004,0,0,232,1,0,197,15,559,166,61,44,4,357,224,133,0,0,0,0,0,14,1,0,0,1,61,78680,3871,844,2763,264,726,164,449,113,3,3,0,0,0,0,0,9,106,22,0,2,81,0,1,12,0,263,41,731,1,8,251,160,28,0,0,11,51,1,1148,0,0,240,4,1,274,34,595,213,44,51,3,156,120,36,0,0,0,0,0,17,0,0,0,0,88,79899,4789,971,3470,348,867,169,577,121,3,2,0,1,2,1,1,17,82,25,3,0,47,0,7,17,0,307,42,693,1,7,211,149,15,1,0,7,37,2,1495,0,0,378,9,0,354,59,695,534,58,105,2,230,215,15,0,0,0,0,0,13,5,1,1,3,98,"Eastern"
"95","Port Angeles",20364,1619,432,1120,67,383,101,236,46,1,1,0,0,0,0,0,9,39,21,1,6,10,0,1,9,0,97,24,312,2,0,156,4,14,6,0,0,132,0,450,2,0,68,7,0,118,46,209,44,10,16,0,47,46,1,0,0,0,0,0,1,1,1,0,0,18,20519,1427,408,979,40,372,74,233,65,0,0,0,0,0,0,0,2,34,21,2,2,8,0,1,16,0,91,23,300,0,3,50,3,14,3,0,0,30,0,422,0,1,35,15,0,100,87,184,50,15,9,0,19,19,0,0,0,0,0,0,6,0,0,0,0,15,20290,1870,481,1331,58,426,89,265,72,1,1,0,0,0,0,0,12,42,24,3,2,10,0,3,7,0,160,19,389,1,2,56,5,16,6,0,0,29,0,574,0,2,31,19,1,214,68,239,79,19,25,2,26,24,2,0,0,0,0,0,7,2,1,1,0,21,"Western"
"96","Port Orchard",14886,1208,282,860,66,268,44,156,68,0,0,0,0,0,0,0,2,12,8,1,0,2,0,1,2,0,96,51,143,0,1,61,1,0,54,0,0,6,0,416,0,0,73,0,0,79,8,256,70,8,12,1,51,47,4,0,0,0,0,0,1,0,0,0,0,13,14995,1339,327,989,23,301,44,189,68,1,0,1,0,0,0,0,1,24,8,1,0,14,0,1,5,0,94,28,188,0,0,26,2,0,9,0,0,14,1,489,0,2,97,0,0,90,14,286,133,13,13,2,15,15,0,0,0,0,0,0,2,0,0,0,0,4,16351,1734,346,1355,33,313,40,189,84,0,0,0,0,0,0,0,1,32,14,1,0,13,1,3,2,0,135,26,247,1,0,38,1,0,17,0,0,19,1,639,0,1,104,0,1,92,51,390,225,17,25,1,11,11,0,0,0,0,0,0,0,0,0,0,0,21,"Western"
"97","Port Townsend",9914,493,70,411,12,65,13,40,12,0,0,0,0,0,0,0,3,2,2,0,0,0,0,0,1,0,41,10,96,0,0,22,0,22,0,0,0,0,0,219,1,0,22,41,0,32,41,82,14,4,4,1,9,7,2,0,0,0,0,0,0,0,0,0,0,2,10063,353,65,279,9,62,11,37,14,0,0,0,0,0,0,0,1,2,0,1,1,0,0,0,0,0,24,5,99,0,0,7,0,7,0,0,0,0,0,128,0,0,22,17,0,14,24,51,13,2,1,0,6,4,2,0,0,0,0,0,0,0,0,0,0,3,10452,370,94,269,7,91,19,60,12,0,0,0,0,0,0,0,3,0,0,0,0,0,0,0,2,0,25,6,82,0,0,5,2,1,0,0,0,2,0,132,0,0,18,7,0,22,26,59,15,1,1,0,1,1,0,0,0,0,0,0,0,0,0,0,0,6,"Western"
"98","Poulsbo",11401,585,93,466,26,88,6,53,29,0,0,0,0,0,0,0,0,5,3,0,0,2,0,0,2,0,35,13,62,0,1,153,4,0,132,0,0,16,1,174,0,1,53,4,0,23,7,86,21,1,4,0,22,19,3,0,0,0,0,0,0,0,0,0,0,4,11425,428,87,335,6,72,17,36,19,0,0,0,0,0,0,0,0,15,6,1,0,7,0,1,2,0,28,5,55,1,1,21,1,2,11,0,0,6,1,183,0,2,31,1,0,25,6,118,31,4,4,0,3,2,1,0,0,0,0,0,0,0,0,0,0,3,11814,732,94,619,19,82,24,37,21,0,0,0,0,0,0,0,0,12,6,0,0,6,0,0,1,0,59,4,122,0,0,28,2,0,16,0,0,9,1,323,0,0,36,2,0,56,17,212,64,8,10,1,11,11,0,0,0,0,0,0,2,0,0,0,0,5,"Western"
"99","Prosser",6451,368,52,240,76,48,4,30,14,1,0,1,0,0,0,0,1,2,1,0,0,1,0,0,1,0,19,10,49,0,0,48,5,8,0,0,0,35,0,97,0,0,13,0,0,25,9,50,6,3,7,2,68,36,32,0,0,0,0,0,2,0,0,0,0,4,6463,308,58,225,25,51,9,39,3,0,0,0,0,0,0,0,1,6,0,0,0,6,0,0,0,0,19,8,67,2,0,12,8,2,0,0,0,2,0,94,0,0,14,1,0,23,16,40,18,2,3,1,18,8,10,0,0,0,0,0,0,0,0,0,0,6,6136,300,51,222,27,47,6,33,8,0,0,0,0,0,0,0,1,3,0,0,0,1,0,2,1,0,13,2,55,0,0,10,4,3,0,0,0,3,0,102,0,0,20,1,1,25,14,41,31,1,7,1,19,11,8,0,0,0,0,0,0,0,0,0,0,7,"Eastern"
"100","Puyallup",42974,4903,483,3855,565,442,43,388,11,2,2,0,0,0,0,0,8,31,11,0,2,13,1,4,21,0,345,39,549,0,12,480,93,69,11,2,5,298,2,1964,9,6,745,80,4,687,88,345,305,38,102,0,480,162,318,0,0,0,0,0,10,2,2,0,0,73,43144,4956,543,4049,364,498,90,400,8,3,3,0,0,0,0,0,7,35,8,2,1,21,0,3,22,0,360,46,546,1,13,314,97,82,3,0,7,124,1,2131,8,7,556,73,3,860,298,326,424,41,151,1,300,140,160,0,0,0,0,0,5,0,0,0,0,58,42580,5524,613,4587,324,549,78,461,10,1,1,0,0,1,1,0,8,54,18,0,3,32,1,0,39,0,348,38,572,1,12,292,60,75,6,1,18,131,1,2183,6,8,673,68,5,727,304,392,760,70,272,2,224,220,4,0,0,0,0,0,13,1,0,1,0,84,"Western"
"101","Quincy",8183,406,90,286,30,84,14,63,7,0,0,0,0,0,0,0,3,3,3,0,0,0,0,0,0,1,43,3,92,0,0,9,9,0,0,0,0,0,0,102,0,0,4,0,0,31,0,67,34,0,2,2,18,14,4,0,0,0,0,0,0,0,0,0,0,10,8564,346,91,236,19,79,7,66,6,0,0,0,0,0,0,0,3,9,3,0,0,6,0,0,2,0,22,0,93,0,0,7,7,0,0,0,0,0,0,76,0,1,0,0,0,17,1,57,26,1,9,2,5,4,1,0,0,0,0,0,0,0,0,0,0,12,8413,495,111,366,18,102,6,87,9,1,1,0,0,0,0,0,2,6,4,0,0,2,0,0,3,0,46,7,114,0,0,11,10,0,1,0,0,0,0,136,0,0,1,0,0,26,0,109,40,3,6,1,7,7,0,0,0,0,0,0,0,0,0,0,0,10,"Eastern"
"102","Raymond",3009,56,18,35,3,16,2,14,0,0,0,0,0,0,0,0,0,2,1,0,0,1,0,0,0,0,4,6,10,0,0,1,0,0,1,0,0,0,0,13,0,0,3,0,0,2,1,7,0,0,1,0,3,3,0,0,0,0,0,0,0,0,0,0,0,0,3076,83,32,46,5,29,4,25,0,0,0,0,0,0,0,0,0,3,3,0,0,0,0,0,1,0,5,2,12,0,0,0,0,0,0,0,0,0,0,22,0,1,2,0,0,0,0,19,2,2,0,0,2,0,2,0,0,0,0,0,2,0,0,0,0,1,3201,69,19,50,0,14,1,12,1,1,1,0,0,0,0,0,0,4,1,0,0,1,1,1,0,0,12,1,4,0,0,0,0,0,0,0,0,0,0,25,0,0,2,0,0,1,0,22,7,1,0,0,0,0,0,0,0,0,0,0,0,0,0,0,0,0,"Western"
"103","Redmond",74154,3554,232,3010,312,216,43,147,26,1,0,0,1,0,0,0,1,14,11,1,0,2,0,0,2,0,203,30,487,2,9,628,36,65,2,1,65,448,11,1496,0,2,358,94,0,488,116,438,94,19,40,3,281,102,179,0,0,0,0,0,6,0,0,0,0,22,74583,3417,228,3058,131,193,46,122,25,1,0,1,0,0,0,0,3,31,13,3,3,12,0,0,7,1,227,17,566,6,8,267,17,93,3,1,62,83,8,1755,3,0,412,85,0,574,300,381,165,16,23,2,106,37,69,0,0,0,0,0,8,1,1,0,0,14,79403,4108,293,3759,56,266,38,179,49,0,0,0,0,0,0,0,3,24,10,3,4,7,0,0,16,0,262,22,729,4,14,325,33,101,4,1,91,80,15,2075,1,4,571,167,1,633,280,418,221,42,49,2,26,13,13,0,0,0,0,0,9,1,1,0,0,18,"Western"
"104","Renton",102856,8239,837,7140,262,749,206,524,19,6,6,0,0,7,7,0,10,65,35,2,0,19,4,5,11,0,488,78,1517,0,8,898,6,864,28,0,0,0,0,3202,0,0,2,0,0,215,47,2938,787,108,43,8,194,143,51,0,0,0,0,0,2,2,2,0,0,56,102458,7698,850,6752,96,769,197,549,23,3,3,0,0,3,3,0,16,59,28,1,0,19,3,8,18,0,494,38,1701,0,2,289,1,275,12,0,0,0,1,3135,0,1,1,0,0,225,81,2827,924,99,52,4,30,19,11,0,0,0,0,0,3,2,2,0,0,57,103619,8398,889,7409,100,813,216,567,30,7,7,0,0,0,0,0,10,59,22,0,0,25,1,11,20,0,623,46,1935,0,3,301,0,285,15,0,0,0,1,2918,0,2,2,2,0,218,92,2602,1372,141,50,6,19,17,2,0,0,0,0,0,10,1,0,1,0,64,"Western"
"105","Richland",59370,4051,771,2936,344,669,110,509,50,5,3,2,0,0,0,0,21,76,25,4,4,42,0,1,5,0,248,29,503,3,16,732,133,127,1,0,16,452,3,1247,0,1,335,0,3,398,45,465,72,19,62,8,258,200,58,0,0,0,0,0,20,2,2,0,0,56,60615,3710,732,2794,184,610,101,455,54,1,1,0,0,1,1,0,15,105,50,3,0,49,0,3,8,0,275,42,533,6,5,294,103,119,1,0,32,37,2,1429,0,3,295,1,5,459,179,487,120,23,59,2,126,110,16,1,0,1,0,0,9,1,0,1,0,45,63081,4454,841,3419,194,733,127,533,73,5,5,0,0,0,0,0,16,87,37,6,0,43,0,1,5,0,277,35,560,6,11,286,117,107,1,0,17,42,2,1807,1,2,279,4,2,621,342,556,327,26,79,2,114,109,5,0,0,0,0,0,22,0,0,0,0,56,"Eastern"
"106","Ridgefield",9835,456,44,395,17,41,6,31,4,0,0,0,0,0,0,0,1,2,1,0,0,1,0,0,1,0,32,1,84,0,1,77,0,0,29,0,1,47,0,186,0,0,12,38,0,97,1,38,13,0,0,0,15,14,1,0,0,0,0,0,0,0,0,0,0,2,12295,461,59,389,13,51,3,44,4,0,0,0,0,0,0,0,1,7,2,1,0,4,0,0,0,0,37,3,67,0,0,50,0,0,19,0,1,30,0,201,0,0,8,30,1,85,14,63,20,0,11,0,12,11,1,0,0,0,0,0,0,0,0,0,0,1,14465,387,82,293,12,72,8,43,21,0,0,0,0,0,0,0,1,9,5,1,0,3,0,0,1,0,29,4,44,0,4,36,0,0,8,0,0,28,0,130,0,0,12,11,0,56,7,44,26,1,18,1,3,3,0,0,0,0,0,0,1,0,0,0,0,7,"Western"
"107","Ritzville",1651,126,21,104,1,19,0,12,7,1,1,0,0,0,0,0,0,1,0,0,0,1,0,0,0,0,18,0,14,0,0,19,9,9,1,0,0,0,0,50,0,0,0,1,0,4,0,45,2,0,1,0,1,1,0,0,0,0,0,0,0,0,0,0,0,0,1637,148,12,131,5,10,0,6,4,0,0,0,0,0,0,0,0,2,0,0,0,2,0,0,0,0,31,6,17,1,0,27,20,7,0,0,0,0,0,43,0,0,0,0,0,5,2,36,4,0,2,0,3,3,0,0,0,0,0,0,0,0,0,0,0,2,1704,177,30,143,4,27,2,15,10,0,0,0,0,0,0,0,0,3,1,1,0,1,0,0,0,0,5,2,27,0,0,15,6,3,6,0,0,0,0,88,0,0,4,0,0,17,39,28,5,0,1,0,0,0,0,0,0,0,0,0,1,0,0,0,0,3,"Eastern"
"108","Royal City",2247,53,16,36,1,14,2,12,0,0,0,0,0,0,0,0,2,0,0,0,0,0,0,0,0,0,8,0,4,0,0,0,0,0,0,0,0,0,0,17,0,0,0,0,0,7,0,10,6,1,0,0,0,0,0,0,0,0,0,0,0,0,0,0,0,1,2697,49,4,43,2,4,1,3,0,0,0,0,0,0,0,0,0,0,0,0,0,0,0,0,0,0,7,0,10,0,0,1,1,0,0,0,0,0,0,19,0,0,0,0,0,5,0,14,5,0,1,0,1,1,0,0,0,0,0,0,0,0,0,0,0,1,1828,63,17,42,4,15,1,8,6,0,0,0,0,0,0,0,1,1,1,0,0,0,0,0,0,0,5,0,15,0,0,1,1,0,0,0,0,0,0,9,0,0,0,0,0,3,0,6,12,0,0,0,2,2,0,0,0,0,0,0,0,0,0,0,0,2,"Eastern"
"109","Ruston",856,63,6,55,2,6,2,4,0,0,0,0,0,0,0,0,0,0,0,0,0,0,0,0,1,0,4,0,10,0,0,8,1,2,0,1,1,3,0,26,0,0,3,0,1,16,2,4,4,0,2,0,0,0,0,0,0,0,0,0,0,0,0,0,0,2,859,77,5,72,0,4,2,2,0,0,0,0,0,0,0,0,0,1,0,0,0,1,0,0,0,1,7,0,19,0,0,1,0,0,0,0,0,1,0,36,0,0,0,2,0,18,8,8,6,2,0,0,0,0,0,0,0,0,0,0,0,0,0,0,0,0,1053,100,11,86,3,11,4,7,0,0,0,0,0,0,0,0,0,0,0,0,0,0,0,0,2,0,9,0,14,0,0,5,1,1,1,0,1,1,0,33,0,0,0,1,2,22,3,5,19,0,4,0,2,2,0,0,0,0,0,0,0,0,0,0,0,1,"Western"
"110","Sammamish",66878,1703,73,1605,25,66,10,40,16,1,1,0,0,0,0,0,0,6,6,0,0,0,0,0,4,0,69,3,88,0,3,1051,42,10,1,0,3,994,1,353,0,0,6,9,0,169,12,157,33,0,1,0,21,18,3,0,0,0,0,0,3,0,0,0,0,1,66855,956,110,831,15,98,11,60,27,0,0,0,0,0,0,0,0,12,6,0,0,6,0,0,2,0,82,6,81,0,2,159,42,8,2,0,12,94,1,465,0,0,13,12,0,243,52,145,31,2,1,1,12,11,1,0,0,0,0,0,0,0,0,0,0,2,65738,1000,140,853,7,123,22,70,31,1,1,0,0,0,0,0,0,16,13,0,0,3,0,0,0,0,102,5,102,0,13,117,37,13,2,0,6,57,2,467,0,0,14,21,0,212,79,141,42,3,2,1,3,3,0,0,0,0,0,0,2,0,0,0,0,1,"Western"
"111","SeaTac",29282,2608,344,2100,164,318,68,188,62,4,4,0,0,1,1,0,2,19,17,0,0,2,0,0,2,0,196,26,348,3,0,200,56,27,1,0,0,116,0,858,2,1,22,64,0,438,145,186,373,52,42,0,101,49,52,0,0,0,0,0,2,21,4,3,14,40,29103,2885,383,2357,145,349,88,199,62,3,3,0,0,0,0,0,6,25,20,0,0,5,0,0,5,0,197,13,393,1,1,112,48,33,0,0,3,27,1,1099,0,0,24,78,0,447,389,161,439,50,47,0,52,37,15,0,0,0,0,0,2,44,5,10,29,47,30203,2676,430,2157,89,374,105,217,52,3,2,1,0,6,6,0,11,36,33,0,0,3,0,0,4,0,139,12,325,0,5,97,31,27,0,0,2,36,1,928,3,4,13,56,0,366,363,123,540,53,54,0,17,14,3,0,0,0,0,0,1,22,9,2,11,49,"Western"
"112","Seattle",771517,73291,12119,59471,1701,11396,3054,5135,3207,60,52,6,2,14,9,5,139,510,203,71,39,193,0,4,208,1,10417,369,6590,64,104,11452,562,777,129,10,499,9413,62,23258,75,27,3139,1618,23,9143,3144,6089,4915,1477,616,28,998,928,70,1,1,0,0,0,38,28,6,1,21,608,787749,69101,13094,54912,1095,12334,3849,5130,3355,42,41,0,1,13,13,0,177,528,182,87,43,206,1,9,223,1,9776,307,7228,37,108,2548,421,643,110,2,536,771,65,27015,76,29,3940,1795,12,9304,5662,6197,5321,1742,606,39,402,365,37,1,1,0,0,0,33,50,15,5,30,570,729691,72987,13734,57631,1622,12885,4034,5681,3170,59,54,1,4,14,14,0,206,570,183,115,46,217,0,9,180,0,8683,235,7250,47,115,2666,601,733,72,16,374,804,66,28837,105,15,4357,2046,13,8995,6496,6810,6984,1758,876,38,674,653,21,1,0,1,0,0,49,36,2,6,28,824,"Western"
"113","Sedro Woolley",12189,447,82,346,19,78,13,61,4,1,1,0,0,0,0,0,1,2,1,0,0,1,0,0,1,0,41,0,87,0,0,3,0,0,3,0,0,0,0,193,0,0,0,0,0,55,0,138,17,2,2,0,16,15,1,0,0,0,0,0,0,0,0,0,0,3,12301,519,106,402,11,94,7,87,0,0,0,0,0,0,0,0,3,9,6,0,0,0,3,0,1,0,38,0,92,0,0,2,0,0,2,0,0,0,0,220,0,0,0,0,0,84,0,136,46,3,0,1,5,5,0,0,0,0,0,0,0,0,0,0,0,5,12565,434,93,335,6,90,16,71,3,0,0,0,0,0,0,0,3,0,0,0,0,0,0,0,0,0,37,0,90,0,0,1,0,0,1,0,0,0,0,173,0,0,0,0,0,52,0,121,32,0,2,2,3,3,0,0,0,0,0,0,0,0,0,0,0,1,"Western"
"114","Selah",8170,315,47,265,3,41,0,37,4,1,1,0,0,0,0,0,0,5,1,0,0,4,0,0,0,0,13,3,71,0,0,34,3,11,1,0,3,16,0,121,0,0,30,14,0,47,1,29,15,4,4,0,1,1,0,0,0,0,0,0,0,0,0,0,0,2,8220,395,70,317,8,64,3,57,4,0,0,0,0,0,0,0,0,6,2,0,0,4,0,0,0,0,28,2,106,0,0,9,3,1,1,0,0,4,0,145,0,0,34,6,0,55,10,40,21,2,4,0,2,1,1,0,0,0,0,0,1,0,0,0,0,5,8258,502,73,404,25,64,2,58,4,0,0,0,0,0,0,0,0,9,6,1,0,2,0,0,2,0,25,6,191,0,0,14,4,4,3,0,0,3,0,142,0,0,47,12,1,24,5,53,16,1,7,0,18,10,8,0,0,0,0,0,4,0,0,0,0,3,"Eastern"
"115","Sequim",7768,465,70,352,43,65,8,44,13,0,0,0,0,0,0,0,2,3,0,0,2,1,0,0,1,0,33,13,80,1,0,6,0,2,0,0,0,4,0,208,2,0,80,8,0,22,17,79,7,0,3,0,36,31,5,0,0,0,0,0,2,0,0,0,0,5,7911,455,90,337,28,83,13,66,4,0,0,0,0,0,0,0,1,6,4,0,1,1,0,0,1,0,19,11,98,2,2,10,0,9,0,0,0,1,0,175,0,0,71,7,0,22,13,62,11,3,5,0,13,13,0,0,0,0,0,0,5,0,0,0,0,10,8439,598,112,439,47,103,14,72,17,0,0,0,0,0,0,0,1,8,4,0,0,3,0,1,0,0,56,4,83,0,0,8,0,4,1,1,0,2,0,235,1,0,74,21,2,45,34,58,37,2,14,0,32,32,0,0,0,0,0,0,1,0,0,0,0,14,"Western"
"116","Shelton",10749,1100,174,769,157,143,24,110,9,1,1,0,0,0,0,0,4,26,13,0,0,10,1,2,3,0,55,11,176,0,1,32,1,18,9,0,4,0,0,441,0,3,194,46,0,93,6,99,30,11,9,0,134,72,62,0,0,0,0,0,0,0,0,0,0,23,11073,794,203,564,27,160,37,116,7,1,1,0,0,0,0,0,5,37,12,0,0,25,0,0,1,0,34,15,135,0,0,25,1,10,3,0,11,0,0,305,0,2,102,35,0,91,8,67,44,3,2,0,18,9,9,0,0,0,0,0,1,0,0,0,0,8,11102,791,219,544,28,167,35,130,2,3,2,1,0,0,0,0,5,44,18,0,0,23,1,2,3,0,72,17,100,0,1,22,9,5,3,1,4,0,0,253,0,1,110,24,0,48,10,60,57,14,5,0,15,9,6,0,0,0,0,0,2,0,0,0,0,11,"Western"
"117","Shoreline",57472,3142,330,2683,129,302,59,156,87,2,2,0,0,0,0,0,4,22,17,0,0,5,0,0,14,0,218,26,385,0,3,684,72,42,0,0,4,566,0,1079,1,7,158,69,0,433,104,307,221,38,15,0,103,70,33,0,0,0,0,0,4,6,3,2,1,16,58725,2736,365,2292,79,335,59,187,89,1,0,1,0,0,0,0,1,28,20,0,0,8,0,0,18,0,335,23,432,0,4,161,30,29,0,0,24,76,2,1039,7,5,104,74,2,401,223,223,246,27,7,2,49,38,11,0,0,0,0,0,2,2,1,0,1,24,57147,2855,398,2378,79,363,83,183,97,2,2,0,0,1,1,0,3,29,24,0,0,5,0,0,23,0,336,16,471,1,4,139,50,29,4,1,19,33,3,1021,4,3,87,67,2,343,260,255,303,48,16,2,51,47,4,0,0,0,0,0,1,2,0,2,0,23,"Western"
"118","Skykomish",223,0,0,0,0,0,0,0,0,0,0,0,0,0,0,0,0,0,0,0,0,0,0,0,0,0,0,0,0,0,0,0,0,0,0,0,0,0,0,0,0,0,0,0,0,0,0,0,0,0,0,0,0,0,0,0,0,0,0,0,0,0,0,0,0,0,221,2,1,1,0,1,0,1,0,0,0,0,0,0,0,0,0,0,0,0,0,0,0,0,0,0,0,0,0,0,0,0,0,0,0,0,0,0,0,1,0,0,0,0,0,0,1,0,0,0,0,0,0,0,0,0,0,0,0,0,0,0,0,0,0,0,156,10,2,8,0,2,0,1,1,0,0,0,0,0,0,0,0,0,0,0,0,0,0,0,0,0,5,0,1,0,0,0,0,0,0,0,0,0,0,2,0,0,0,1,0,0,0,1,0,0,0,0,0,0,0,0,0,0,0,0,0,0,0,0,0,0,"Western"
"119","Snohomish",10269,754,90,584,80,84,11,57,16,0,0,0,0,0,0,0,2,4,3,0,0,0,0,1,4,0,71,7,92,0,3,62,1,2,1,0,0,57,1,290,0,5,96,19,1,59,7,103,33,11,11,3,66,32,34,0,0,0,0,0,1,0,0,0,0,10,10489,563,126,420,17,89,12,70,7,0,0,0,0,0,0,0,1,36,4,0,0,31,0,1,0,0,49,3,85,1,1,27,1,2,6,0,0,18,0,214,0,0,54,11,1,62,11,75,30,4,6,0,11,6,5,0,0,0,0,0,0,0,0,0,0,6,10125,587,78,485,24,78,13,48,17,0,0,0,0,0,0,0,0,0,0,0,0,0,0,0,2,0,59,4,121,1,0,25,1,0,10,0,0,14,0,216,1,0,54,10,0,38,44,69,37,8,12,1,19,6,13,0,0,0,0,0,0,0,0,0,0,4,"Western"
"120","Snoqualmie",13987,602,37,471,94,35,4,27,4,0,0,0,0,0,0,0,0,2,1,0,0,1,0,0,0,0,14,4,63,0,0,232,231,0,0,0,0,1,0,146,0,0,20,25,0,62,6,33,8,0,4,0,86,30,56,0,0,0,0,0,0,0,0,0,0,8,13875,561,36,490,35,35,5,29,1,0,0,0,0,0,0,0,1,0,0,0,0,0,0,0,1,1,32,2,122,0,0,45,44,0,0,0,0,1,0,241,0,0,24,28,0,129,14,46,33,0,13,0,27,8,19,0,0,0,0,0,0,0,0,0,0,8,13523,568,39,509,20,39,0,35,4,0,0,0,0,0,0,0,0,0,0,0,0,0,0,0,1,0,28,0,105,0,0,44,44,0,0,0,0,0,0,277,1,0,36,35,1,121,23,60,41,1,12,1,5,3,2,0,0,0,0,0,0,0,0,0,0,14,"Western"
"121","Soap Lake",1609,111,19,86,6,18,5,13,0,0,0,0,0,0,0,0,1,0,0,0,0,0,0,0,0,0,18,1,23,0,0,1,1,0,0,0,0,0,0,33,0,0,6,5,0,11,0,11,8,0,2,0,4,4,0,0,0,0,0,0,0,0,0,0,0,2,1614,97,30,63,4,30,8,21,1,0,0,0,0,0,0,0,0,0,0,0,0,0,0,0,0,0,9,1,10,0,0,0,0,0,0,0,0,0,0,38,0,0,5,3,0,9,3,18,4,0,1,0,3,3,0,0,0,0,0,0,0,0,0,0,0,1,1708,121,43,76,2,41,7,33,1,0,0,0,0,0,0,0,0,2,2,0,0,0,0,0,0,0,12,0,12,0,0,1,0,0,0,0,1,0,0,39,1,0,4,6,0,12,3,13,11,0,1,1,1,1,0,0,0,0,0,0,0,0,0,0,0,0,"Eastern"
"122","Spokane",223524,29591,6081,22232,1278,5648,866,3255,1527,22,19,2,1,22,22,0,113,276,169,16,2,75,1,13,105,0,1773,270,5317,15,49,3596,1017,768,132,14,0,1561,104,9320,7,0,1243,1360,2,3444,660,2604,1139,280,368,2,934,844,90,0,0,0,0,0,32,21,4,17,0,289,223344,26729,6129,20053,547,5678,982,3287,1409,22,14,6,2,4,4,0,97,328,184,27,1,101,1,14,111,1,1552,221,5651,11,60,2236,813,795,132,4,0,357,135,8423,4,0,1273,1174,1,3152,723,2096,1198,263,326,2,228,199,29,0,0,0,0,0,49,5,0,5,0,263,229292,30042,6019,23583,440,5582,1039,3207,1336,24,18,2,4,7,7,0,108,298,169,24,1,92,0,12,75,1,1786,275,6652,26,64,2120,710,760,169,13,0,318,150,9987,6,1,1793,960,13,4055,1013,2146,1843,309,445,10,100,92,8,0,0,0,0,0,46,8,1,7,0,276,"Eastern"
"123","Spokane Valley",102366,10263,1528,8109,626,1431,235,863,333,4,3,1,0,0,0,0,48,45,21,7,0,17,0,0,11,2,682,120,1736,10,19,1463,405,296,55,3,0,650,54,3503,1,1,936,402,1,1119,269,774,351,77,135,0,517,411,106,0,0,0,0,0,19,2,0,2,0,88,104276,8599,1246,7177,176,1133,194,637,302,9,9,0,0,0,0,0,39,65,26,8,3,25,0,3,18,0,508,106,1670,1,26,1038,418,328,74,0,0,172,46,3228,0,0,787,353,5,1079,317,687,411,71,100,6,84,72,12,0,0,0,0,0,14,0,0,0,0,72,108076,9233,1418,7647,168,1299,239,739,321,7,3,4,0,0,0,0,34,78,30,13,6,27,0,2,8,0,563,106,1854,11,31,903,344,294,73,3,0,123,66,3408,4,0,909,312,7,931,442,803,563,71,129,2,63,54,9,0,0,0,0,0,8,1,1,0,0,94,"Eastern"
"124","Stanwood",7410,305,59,231,15,54,4,41,9,0,0,0,0,0,0,0,0,5,4,0,0,1,0,0,2,0,23,6,39,0,0,48,0,11,2,0,1,34,0,96,1,0,12,6,0,33,4,40,14,0,3,0,9,6,3,0,0,0,0,0,1,0,0,0,0,5,7716,272,66,203,3,56,11,42,3,0,0,0,0,0,0,0,1,9,5,2,0,2,0,0,0,0,21,4,39,0,0,27,3,15,1,0,0,7,1,98,0,0,13,3,2,32,11,37,13,0,1,0,0,0,0,0,0,0,0,0,0,0,0,0,0,3,9132,299,57,226,16,53,5,43,5,0,0,0,0,0,0,0,1,3,1,0,0,2,0,0,0,0,22,4,57,0,0,25,2,12,7,0,0,4,0,104,0,0,10,6,0,20,24,44,9,1,4,0,9,7,2,0,0,0,0,0,1,0,0,0,0,6,"Western"
"125","Steilacoom",6436,203,52,148,3,41,10,28,3,0,0,0,0,0,0,0,0,11,1,0,1,6,3,0,0,0,14,1,32,0,1,31,5,4,1,0,1,20,0,55,0,2,2,0,0,29,2,20,13,1,0,0,1,1,0,0,0,0,0,0,0,0,0,0,0,2,6460,174,37,134,3,30,8,22,0,0,0,0,0,0,0,0,2,5,4,0,0,1,0,0,0,0,16,2,32,0,1,17,5,3,0,0,1,6,2,52,0,0,1,0,0,19,11,21,11,1,2,1,2,1,1,0,0,0,0,0,0,0,0,0,0,0,6690,203,31,166,6,28,4,24,0,1,1,0,0,0,0,0,0,2,1,0,0,1,0,0,0,0,11,0,42,0,0,27,7,7,0,0,2,10,1,62,0,0,5,0,0,23,9,25,19,0,5,0,3,3,0,0,0,0,0,0,1,0,0,0,0,2,"Western"
"126","Sultan",5476,223,46,159,18,46,7,35,4,0,0,0,0,0,0,0,0,0,0,0,0,0,0,0,1,0,28,1,38,0,0,28,1,1,5,0,0,19,2,52,0,0,5,2,0,16,4,25,7,0,4,0,15,8,7,0,0,0,0,0,0,0,0,0,0,3,5786,220,49,157,14,47,9,32,6,0,0,0,0,0,0,0,1,1,0,0,0,1,0,0,1,0,33,0,44,0,0,7,0,3,2,0,0,2,0,60,0,0,2,6,0,14,9,29,9,2,1,0,9,6,3,0,0,0,0,0,0,0,0,0,0,5,6102,175,34,136,5,33,11,17,5,0,0,0,0,0,0,0,0,1,0,0,0,1,0,0,0,0,18,4,37,0,1,2,0,0,2,0,0,0,0,64,0,0,4,3,0,9,17,31,6,3,1,0,4,1,3,0,0,0,0,0,0,0,0,0,0,1,"Western"
"127","Sumner",10544,807,94,695,18,84,23,61,0,0,0,0,0,0,0,0,0,10,2,0,1,7,0,0,2,0,85,3,150,0,1,80,16,13,5,0,3,43,0,281,0,0,29,19,2,109,18,104,73,6,14,0,13,8,5,0,0,0,0,0,0,0,0,0,0,5,10670,980,70,897,13,65,8,57,0,0,0,0,0,0,0,0,1,4,0,0,0,4,0,0,7,0,113,7,180,0,1,43,15,10,2,0,4,12,0,414,1,5,17,11,1,165,103,111,116,7,9,0,5,2,3,0,0,0,0,0,0,0,0,0,0,8,10681,1072,107,956,9,88,13,74,1,1,1,0,0,0,0,0,3,15,4,0,3,8,0,0,7,0,121,2,231,0,0,53,10,13,7,0,6,17,0,392,0,0,21,13,1,133,79,145,130,4,16,1,1,1,0,0,0,0,0,0,0,0,0,0,0,7,"Western"
"128","Tacoma",220123,25787,4204,20861,722,3817,1309,2470,38,28,28,0,0,2,1,1,58,299,117,9,1,164,0,8,134,0,1977,142,5801,3,63,1587,342,370,37,3,40,793,2,8347,13,24,634,94,5,3460,632,3485,2061,439,307,0,432,335,97,0,0,0,0,0,54,6,5,1,0,230,222235,29655,5068,24151,436,4637,1973,2607,57,30,30,0,0,5,3,2,64,332,128,10,6,174,0,14,242,0,2226,110,6747,3,44,892,264,317,22,2,21,264,2,9518,8,24,467,118,2,3998,1197,3704,3512,520,337,12,182,139,43,2,0,0,2,0,45,5,3,2,0,190,219027,35286,5748,29090,448,5262,2661,2532,69,41,41,0,0,0,0,0,107,338,140,1,6,180,1,10,243,0,2365,75,7460,1,56,917,232,373,26,2,24,256,4,11027,18,45,473,134,6,3948,1144,5259,5582,752,612,22,120,106,14,0,0,0,0,0,31,3,1,2,0,272,"Western"
"129","Toppenish",8792,1017,185,768,64,141,44,84,13,2,2,0,0,0,0,0,10,32,2,0,0,29,1,0,3,0,134,8,199,0,0,29,15,2,0,0,0,12,0,298,0,3,101,1,0,84,3,106,72,10,15,0,34,15,19,0,0,0,0,0,1,0,0,0,0,29,8745,1120,124,962,34,113,30,77,6,1,1,0,0,0,0,0,3,7,5,0,0,2,0,0,4,0,100,8,322,0,0,14,13,0,0,0,0,1,0,405,0,4,199,0,0,91,3,108,80,13,16,0,10,7,3,0,0,0,0,0,0,0,0,0,0,24,8717,1306,171,1100,35,150,54,87,9,2,2,0,0,0,0,0,0,19,7,0,0,12,0,0,5,0,125,5,359,0,3,28,20,4,1,0,1,2,0,442,0,1,229,0,0,109,5,98,106,13,14,0,0,0,0,0,0,0,0,0,0,0,0,0,0,35,"Eastern"
"130","Tukwila",20483,4907,521,4264,122,480,61,327,92,3,3,0,0,0,0,0,3,35,27,0,0,5,0,3,13,0,223,21,949,0,2,185,65,0,120,0,0,0,0,2254,4,9,813,33,1,800,63,531,533,61,23,0,63,38,25,0,0,0,0,0,2,6,4,2,0,51,20369,5493,580,4810,103,544,72,360,112,1,1,0,0,0,0,0,10,25,16,0,0,8,0,1,16,0,220,10,1185,0,1,122,83,0,39,0,0,0,0,2569,0,11,740,25,1,1068,156,568,591,77,19,0,39,33,6,0,0,0,0,0,1,0,0,0,0,63,21473,6707,573,6011,123,548,64,350,134,4,3,1,0,0,0,0,7,14,12,0,0,0,0,2,4,0,315,16,1428,0,0,85,49,0,36,0,0,0,0,3152,1,4,1340,20,0,1073,135,579,890,89,32,0,59,53,6,1,1,0,0,0,1,0,0,0,0,62,"Western"
"131","Tumwater",24493,1294,233,955,106,197,40,125,32,0,0,0,0,0,0,0,6,30,10,0,0,13,1,6,2,0,93,9,200,0,1,79,30,25,23,0,1,0,0,468,2,3,129,3,1,155,14,161,67,13,23,0,93,86,7,0,0,0,0,0,3,0,0,0,0,10,24727,1329,245,1046,38,209,36,142,31,0,0,0,0,0,0,0,5,31,6,1,0,22,0,2,2,0,110,9,233,0,0,75,40,21,14,0,0,0,0,510,1,6,58,10,0,183,90,162,87,9,11,0,18,15,3,0,0,0,0,0,4,0,0,0,0,16,26227,1658,274,1352,32,243,39,165,39,0,0,0,0,0,0,0,8,23,8,0,0,15,0,0,3,0,136,22,280,1,3,101,52,26,18,0,5,0,0,634,2,3,97,15,0,214,86,217,135,13,24,0,16,13,3,0,0,0,0,0,1,0,0,0,0,15,"Western"
"132","Union Gap",6206,678,96,545,37,89,15,72,2,0,0,0,0,0,0,0,3,4,0,0,0,4,0,0,0,0,52,6,104,1,1,32,12,5,0,0,0,15,0,293,0,4,188,2,0,37,5,57,41,8,7,0,26,17,9,0,0,0,0,0,1,1,0,1,0,9,6163,649,102,529,18,92,8,77,7,4,4,0,0,0,0,0,0,6,2,0,0,4,0,0,0,0,78,0,143,0,0,17,16,0,0,0,0,1,0,229,0,1,119,4,1,35,4,65,56,3,3,0,14,4,10,0,0,0,0,0,0,0,0,0,0,4,6514,871,115,706,50,104,7,89,8,3,3,0,0,0,0,0,2,6,3,1,0,0,0,2,1,0,66,3,138,0,0,31,17,7,0,1,1,5,0,406,0,1,284,1,0,47,8,65,46,10,5,0,37,5,32,0,0,0,0,0,1,0,0,0,0,12,"Eastern"
"133","University Place",34339,1862,243,1566,53,221,79,137,5,1,1,0,0,0,0,0,3,18,9,1,0,7,0,1,4,0,132,13,365,0,3,258,35,43,3,0,5,171,1,652,0,2,59,8,1,346,17,219,74,28,37,0,43,32,11,0,0,0,0,0,3,2,1,1,0,5,34404,1520,173,1337,10,148,40,104,4,1,1,0,0,0,0,0,4,20,7,0,1,12,0,0,2,0,136,4,389,0,3,104,22,32,1,0,6,39,4,573,0,6,19,6,0,281,56,205,95,19,12,0,3,3,0,0,0,0,0,0,0,0,0,0,0,7,34846,1815,206,1591,18,183,58,123,2,1,1,0,0,0,0,0,4,18,7,1,1,7,0,2,9,0,110,2,423,1,0,100,25,25,2,0,8,35,5,659,0,6,29,8,0,253,66,297,250,20,17,3,6,4,2,0,0,0,0,0,0,0,0,0,0,9,"Western"
"134","Vancouver",186440,15656,3948,11196,512,3628,579,1971,1078,6,5,0,1,2,2,0,91,221,122,15,0,81,2,1,61,1,1087,207,2406,0,1,757,31,1,7,0,0,704,14,5102,105,3,745,374,9,1212,366,2288,1216,167,191,1,348,338,10,0,0,0,0,0,1,2,0,2,0,160,188160,20425,4753,15249,423,4333,742,2227,1364,19,18,1,0,7,7,0,102,292,114,21,0,157,0,0,62,0,1308,220,3326,0,32,650,13,3,48,0,0,562,24,7064,316,13,743,551,6,2189,692,2554,2134,228,225,10,82,74,8,0,0,0,0,0,55,20,2,16,2,256,193273,23484,4999,18045,440,4545,809,2314,1422,19,14,5,0,3,3,0,144,288,124,8,0,155,1,0,53,0,1357,221,4169,0,33,680,3,2,54,0,0,599,22,8013,175,7,1163,579,3,2726,689,2671,2854,295,370,18,52,49,3,0,0,0,0,0,45,10,0,9,1,315,"Western"
"135","Walla Walla",32944,1992,317,1317,358,262,51,152,59,0,0,0,0,0,0,0,14,41,12,9,0,20,0,0,7,0,129,35,303,2,6,123,7,1,14,0,8,92,1,608,1,2,106,62,0,105,17,315,54,11,39,4,307,161,146,0,0,0,0,0,7,1,1,0,0,39,33154,1535,271,1100,164,227,60,130,37,1,1,0,0,0,0,0,9,34,20,4,0,8,2,0,6,0,88,18,279,1,2,85,5,0,9,0,12,58,1,530,2,6,61,55,0,94,33,279,49,8,34,2,128,74,54,0,0,0,0,0,10,0,0,0,0,24,33899,2237,343,1671,223,306,88,171,47,2,2,0,0,0,0,0,4,31,25,2,0,4,0,0,18,0,208,16,383,0,5,112,11,0,9,0,17,75,0,759,4,5,121,59,2,181,26,361,98,10,62,0,190,139,51,0,0,0,0,0,2,0,0,0,0,31,"Eastern"
"136","Warden",2825,85,19,61,5,19,4,13,2,0,0,0,0,0,0,0,0,0,0,0,0,0,0,0,1,0,8,1,15,0,0,0,0,0,0,0,0,0,0,27,0,0,0,0,0,6,0,21,7,0,2,0,0,0,0,0,0,0,0,0,0,0,0,0,0,5,2848,128,31,89,8,30,7,15,8,0,0,0,0,0,0,0,0,1,1,0,0,0,0,0,1,0,12,2,31,0,0,12,12,0,0,0,0,0,0,24,0,0,0,0,0,4,0,20,7,0,0,2,2,2,0,0,0,0,0,0,0,0,0,0,0,4,2574,209,33,159,17,29,2,21,6,0,0,0,0,0,0,0,1,3,0,0,0,3,0,0,0,0,20,0,36,0,0,10,10,0,0,0,0,0,0,72,0,0,0,0,0,21,1,50,17,0,4,0,2,2,0,0,0,0,0,0,0,0,0,0,0,15,"Eastern"
"137","Washougal",16334,802,202,506,94,173,16,112,45,1,1,0,0,0,0,0,5,23,17,0,0,6,0,0,0,1,36,9,104,0,0,55,1,0,13,0,0,41,0,250,0,0,24,29,0,78,9,110,25,3,23,2,85,60,25,0,0,0,0,0,0,1,1,0,0,6,16317,700,197,477,26,170,23,103,44,1,1,0,0,0,0,0,4,22,15,1,0,6,0,0,5,0,35,7,115,0,1,28,0,0,8,0,0,20,0,222,0,3,21,31,0,80,8,79,39,4,21,2,12,11,1,0,0,0,0,0,0,0,0,0,0,12,16902,761,201,554,6,184,30,107,47,0,0,0,0,0,0,0,3,14,10,0,0,4,0,0,7,0,41,7,130,0,1,34,0,1,6,0,0,27,0,258,0,0,28,28,3,91,15,93,53,8,15,1,0,0,0,0,0,0,0,0,0,0,0,0,0,5,"Eastern"
"138","Wenatchee",34525,1864,373,1207,284,330,45,254,31,0,0,0,0,0,0,0,13,30,13,3,0,10,3,1,3,0,75,24,287,6,0,271,72,27,1,0,0,169,2,453,0,0,97,6,1,132,14,203,51,6,31,1,243,171,72,0,0,0,0,0,2,0,0,0,0,38,34349,2019,409,1477,133,367,33,308,26,1,1,0,0,0,0,0,11,30,14,0,0,12,1,3,9,0,110,25,380,1,0,145,54,45,6,0,2,36,2,678,0,0,134,7,0,205,32,300,94,11,24,0,98,83,15,0,0,0,0,0,2,1,0,0,1,32,35462,2361,568,1637,156,508,57,425,26,2,2,0,0,0,0,0,14,44,16,1,0,22,2,3,16,0,153,42,429,10,1,100,49,17,0,0,0,34,0,745,0,1,162,14,0,177,41,350,90,9,42,1,109,108,1,0,0,0,0,0,1,2,1,1,0,43,"Eastern"
"139","Westport",2102,184,53,119,12,47,0,25,22,0,0,0,0,0,0,0,2,4,3,0,0,1,0,0,2,0,9,0,25,0,0,6,2,0,2,0,0,2,0,70,0,0,19,0,0,3,8,40,6,1,0,0,6,5,1,0,0,0,0,0,0,1,1,0,0,5,2123,149,48,93,8,44,2,19,23,0,0,0,0,0,0,0,0,4,1,0,0,3,0,0,1,0,8,0,23,0,0,4,4,0,0,0,0,0,0,56,0,1,23,0,1,3,6,22,1,0,0,2,6,4,2,0,0,0,0,0,0,0,0,0,0,0,2280,206,48,157,1,44,3,11,30,0,0,0,0,0,0,0,0,4,2,0,0,2,0,0,0,0,23,0,32,0,0,12,11,0,1,0,0,0,0,81,1,0,22,1,0,4,13,40,7,1,1,0,0,0,0,0,0,0,0,0,0,0,0,0,0,1,"Western"
"140","West Richland",15464,647,102,503,42,94,15,65,14,0,0,0,0,0,0,0,0,8,3,0,0,4,0,1,1,0,49,0,95,0,0,187,30,6,0,0,0,151,0,155,0,0,5,0,0,77,1,72,10,0,6,2,32,16,16,0,0,0,0,0,4,0,0,0,0,4,15817,441,119,309,13,103,11,82,10,0,0,0,0,0,0,0,1,15,4,0,0,11,0,0,2,0,38,3,105,0,0,40,19,5,0,0,0,13,3,101,0,0,4,2,0,25,1,69,10,2,8,0,10,6,4,0,0,0,0,0,0,0,0,0,0,3,17557,427,79,317,31,69,11,55,3,1,0,1,0,0,0,0,0,9,3,1,0,2,0,3,0,0,29,2,67,0,2,27,13,1,1,0,0,12,0,153,0,0,3,0,0,56,5,89,28,2,7,1,24,22,2,0,0,0,0,0,2,0,0,0,0,4,"Eastern"
"141","White Salmon",2732,100,6,92,2,5,0,5,0,0,0,0,0,0,0,0,0,1,0,0,1,0,0,0,0,0,10,1,19,0,0,5,2,1,2,0,0,0,0,52,0,0,7,2,0,27,1,15,4,1,0,0,1,1,0,0,0,0,0,0,0,0,0,0,0,1,2764,72,14,56,2,14,2,12,0,0,0,0,0,0,0,0,0,0,0,0,0,0,0,0,0,0,3,0,15,0,0,3,0,2,0,0,0,1,0,34,0,0,11,1,0,8,4,10,1,0,0,0,1,1,0,0,0,0,0,0,1,0,0,0,0,0,2663,54,13,39,2,12,0,12,0,0,0,0,0,0,0,0,0,1,0,0,0,1,0,0,0,0,5,1,11,0,0,5,1,1,1,0,0,1,1,15,0,0,4,0,0,3,1,7,2,0,0,0,0,0,0,0,0,0,0,0,0,0,0,0,0,2,"Western"
"142","Woodinville",13547,747,69,669,9,62,5,41,16,0,0,0,0,0,0,0,0,7,5,0,0,2,0,0,1,0,47,3,87,0,3,178,24,15,1,0,3,135,0,317,0,2,71,27,1,106,56,54,25,4,4,1,6,5,1,0,0,0,0,0,0,2,2,0,0,0,15462,699,78,603,18,58,5,42,11,0,0,0,0,0,0,0,1,19,7,0,0,2,10,0,1,0,60,4,102,1,1,56,14,15,0,0,2,23,2,335,3,0,72,26,0,85,81,68,38,4,1,2,1,1,0,0,0,0,0,0,2,12,0,0,12,1,13357,753,65,679,9,54,7,28,19,0,0,0,0,1,1,0,1,9,6,0,0,3,0,0,2,0,63,3,81,3,0,43,18,12,0,0,0,13,0,414,1,0,115,35,0,136,77,50,54,12,4,0,5,4,1,0,0,0,0,0,0,0,0,0,0,4,"Western"
"143","Woodway",1400,37,1,35,1,1,0,1,0,0,0,0,0,0,0,0,0,0,0,0,0,0,0,0,0,0,5,1,7,0,0,17,0,0,0,0,0,17,0,3,0,0,0,0,0,2,0,1,0,1,1,0,1,0,1,0,0,0,0,0,0,0,0,0,0,0,1399,13,1,12,0,1,1,0,0,0,0,0,0,0,0,0,0,0,0,0,0,0,0,0,0,0,3,0,4,0,0,1,0,0,0,0,0,1,0,3,0,0,0,0,0,1,1,1,1,0,0,0,0,0,0,0,0,0,0,0,0,0,0,0,0,0,1302,51,4,42,5,4,0,1,3,0,0,0,0,0,0,0,0,0,0,0,0,0,0,0,0,0,6,1,14,0,1,8,1,2,1,0,0,3,1,11,0,0,0,0,0,3,1,7,0,0,1,0,4,2,2,0,0,0,0,0,1,0,0,0,0,0,"Western"
"144","Yakima",93862,7840,1993,5302,545,1817,527,1095,195,9,9,0,0,0,0,0,24,143,20,3,0,115,2,3,29,0,591,30,1292,2,3,523,168,40,0,0,0,313,2,2168,3,33,547,167,9,692,39,678,519,100,45,0,305,208,97,0,0,0,0,0,44,5,5,0,0,191,94594,6676,1892,4493,291,1680,410,1070,200,12,12,0,0,0,0,0,36,164,19,1,0,140,0,4,19,0,559,15,1052,1,6,320,201,30,3,0,4,82,0,1868,3,34,469,165,10,589,43,555,508,74,71,0,136,84,52,0,0,0,0,0,11,1,1,0,0,143,96267,7204,2127,4741,336,1919,421,1219,279,14,12,0,2,0,0,0,41,153,46,5,0,100,0,2,23,0,545,34,1044,6,11,327,163,87,11,1,1,62,2,2007,7,26,658,129,6,507,58,616,505,122,117,0,91,67,24,0,0,0,0,0,21,2,1,0,1,222,"Eastern"
